"","CVE_ENT","CVE_MUN","capital","dist_capital","muncode"
"1",1,1,1,0,1001
"2",1,2,0,44.9649306953,1002
"3",1,3,0,43.4288787199,1003
"4",1,4,0,53.8821573985,1004
"5",1,5,0,10.2384888031,1005
"6",1,6,0,29.8949904697,1006
"7",1,7,0,38.7888527537,1007
"8",1,8,0,32.3388518497,1008
"9",1,9,0,40.3511962853,1009
"10",1,10,0,34.1211078519,1010
"11",1,11,0,21.4567077454,1011
"12",10,1,0,56.7723472647,10001
"13",10,2,0,222.131340028,10002
"14",10,3,0,106.2482355,10003
"15",10,4,0,134.530215043,10004
"16",10,5,1,0,10005
"17",10,6,0,161.276483288,10006
"18",10,7,0,206.833320259,10007
"19",10,8,0,71.7350777777,10008
"20",10,9,0,246.337229276,10009
"21",10,10,0,247.904732984,10010
"22",10,11,0,216.146468496,10011
"23",10,12,0,202.193700822,10012
"24",10,13,0,216.202877129,10013
"25",10,14,0,66.8265870796,10014
"26",10,15,0,144.272205278,10015
"27",10,16,0,46.7310134933,10016
"28",10,17,0,280.13314461,10017
"29",10,18,0,223.996656048,10018
"30",10,19,0,151.256318859,10019
"31",10,20,0,54.4392333195,10020
"32",10,21,0,105.981140239,10021
"33",10,22,0,62.7001750338,10022
"34",10,23,0,74.1111952906,10023
"35",10,24,0,128.58788367,10024
"36",10,25,0,234.55513313,10025
"37",10,26,0,126.022783169,10026
"38",10,27,0,199.310288278,10027
"39",10,28,0,86.1314423142,10028
"40",10,29,0,159.177101393,10029
"41",10,30,0,174.815674999,10030
"42",10,31,0,139.847599796,10031
"43",10,32,0,134.834910051,10032
"44",10,33,0,87.0604617431,10033
"45",10,34,0,250.692018961,10034
"46",10,35,0,179.453449629,10035
"47",10,36,0,260.680674002,10036
"48",10,37,0,229.485782605,10037
"49",10,38,0,75.5125498527,10038
"50",10,39,0,103.790151256,10039
"51",11,1,0,68.7618386567,11001
"52",11,2,0,121.970301043,11002
"53",11,3,0,57.2637873362,11003
"54",11,4,0,90.1584702601,11004
"55",11,5,0,78.451208506,11005
"56",11,6,0,160.74711043,11006
"57",11,7,0,71.2814256929,11007
"58",11,8,0,79.1580323846,11008
"59",11,9,0,60.632769459,11009
"60",11,10,0,129.334185073,11010
"61",11,11,0,66.1906555937,11011
"62",11,12,0,61.0466808633,11012
"63",11,13,0,97.5928480126,11013
"64",11,14,0,38.1972114171,11014
"65",11,15,1,0,11015
"66",11,16,0,76.0373630138,11016
"67",11,17,0,39.2491108726,11017
"68",11,18,0,73.495273347,11018
"69",11,19,0,123.120604716,11019
"70",11,20,0,45.9165062178,11020
"71",11,21,0,98.1229539669,11021
"72",11,22,0,73.7372557445,11022
"73",11,23,0,81.1031074189,11023
"74",11,24,0,55.6106474506,11024
"75",11,25,0,64.5892408339,11025
"76",11,26,0,31.6391586021,11026
"77",11,27,0,49.8474696949,11027
"78",11,28,0,96.6439523023,11028
"79",11,29,0,63.4355149214,11029
"80",11,30,0,51.4367937226,11030
"81",11,31,0,62.5519617497,11031
"82",11,32,0,89.77327157,11032
"83",11,33,0,82.4161256118,11033
"84",11,34,0,123.390530401,11034
"85",11,35,0,49.2769680014,11035
"86",11,36,0,97.1898586393,11036
"87",11,37,0,19.5383711255,11037
"88",11,38,0,135.787737326,11038
"89",11,39,0,95.7056829278,11039
"90",11,40,0,113.502989641,11040
"91",11,41,0,97.2000811039,11041
"92",11,42,0,69.5755791498,11042
"93",11,43,0,109.35884703,11043
"94",11,44,0,61.9172968442,11044
"95",11,45,0,127.17271255,11045
"96",11,46,0,89.8499008347,11046
"97",12,1,0,86.9626893236,12001
"98",12,2,0,63.4768848041,12002
"99",12,3,0,126.158362888,12003
"100",12,4,0,120.692563721,12004
"101",12,5,0,107.050507356,12005
"102",12,6,0,78.9856116618,12006
"103",12,7,0,119.130036612,12007
"104",12,8,0,74.3113915132,12008
"105",12,9,0,100.148645745,12009
"106",12,10,0,61.1244475342,12010
"107",12,11,0,107.278294089,12011
"108",12,12,0,78.1752479282,12012
"109",12,13,0,132.95951808,12013
"110",12,14,0,114.054748953,12014
"111",12,15,0,100.825133097,12015
"112",12,16,0,253.868933096,12016
"113",12,17,0,77.6500667333,12017
"114",12,18,0,118.677099095,12018
"115",12,19,0,72.6810647658,12019
"116",12,20,0,85.3905465108,12020
"117",12,21,0,87.4095980708,12021
"118",12,22,0,154.613559453,12022
"119",12,23,0,167.518320691,12023
"120",12,24,0,92.7880034403,12024
"121",12,25,0,103.957890318,12025
"122",12,26,0,73.570843973,12026
"123",12,27,0,153.404839038,12027
"124",12,28,0,35.1139853355,12028
"125",12,29,1,0,12029
"126",12,30,0,100.282399377,12030
"127",12,31,0,113.773294712,12031
"128",12,32,0,57.6542865577,12032
"129",12,33,0,104.324124546,12033
"130",12,34,0,85.3803359455,12034
"131",12,35,0,87.8489985261,12035
"132",12,36,0,142.347800323,12036
"133",12,37,0,109.795084591,12037
"134",12,38,0,220.469153318,12038
"135",12,39,0,42.4089886484,12039
"136",12,40,0,22.482144902,12040
"137",12,41,0,95.7149531499,12041
"138",12,42,0,28.0059510877,12042
"139",12,43,0,124.391629766,12043
"140",12,44,0,16.5001079643,12044
"141",12,45,0,85.4375774181,12045
"142",12,46,0,152.526914294,12046
"143",12,47,0,114.076318098,12047
"144",12,48,0,190.893374839,12048
"145",12,49,0,133.685661434,12049
"146",12,50,0,153.900099221,12050
"147",12,51,0,32.1616357715,12051
"148",12,52,0,116.801522783,12052
"149",12,53,0,84.3377969609,12053
"150",12,54,0,116.874194815,12054
"151",12,55,0,111.865577731,12055
"152",12,56,0,67.4687283033,12056
"153",12,57,0,127.305657911,12057
"154",12,58,0,98.9879622136,12058
"155",12,59,0,81.4704803774,12059
"156",12,60,0,122.524875992,12060
"157",12,61,0,11.1874072189,12061
"158",12,62,0,153.426128305,12062
"159",12,63,0,87.3459512974,12063
"160",12,64,0,141.249895289,12064
"161",12,65,0,121.758002985,12065
"162",12,66,0,98.9051284722,12066
"163",12,67,0,135.069467066,12067
"164",12,68,0,251.978867423,12068
"165",12,69,0,96.7425267958,12069
"166",12,70,0,115.686933226,12070
"167",12,71,0,159.895580921,12071
"168",12,72,0,78.7780529382,12072
"169",12,73,0,188.328875517,12073
"170",12,74,0,37.2713109977,12074
"171",12,75,0,11.5530082646,12075
"172",12,76,0,68.4147780935,12076
"173",12,77,0,130.19466354,12077
"174",12,78,0,119.564539464,12078
"175",12,79,0,52.581763648,12079
"176",12,80,0,138.61680462,12080
"177",12,81,0,104.309296398,12081
"178",13,1,0,31.3035897061,13001
"179",13,2,0,55.9080844289,13002
"180",13,3,0,26.9419147827,13003
"181",13,4,0,47.0116200167,13004
"182",13,5,0,40.3933148092,13005
"183",13,6,0,71.3996847417,13006
"184",13,7,0,58.0818485393,13007
"185",13,8,0,54.5478453705,13008
"186",13,9,0,21.2300825938,13009
"187",13,10,0,51.0904458071,13010
"188",13,11,0,106.987884492,13011
"189",13,12,0,19.5470139053,13012
"190",13,13,0,52.0943388287,13013
"191",13,14,0,87.2536156175,13014
"192",13,15,0,67.2570817575,13015
"193",13,16,0,45.6946703622,13016
"194",13,17,0,72.8660355671,13017
"195",13,18,0,116.127138203,13018
"196",13,19,0,56.5549525453,13019
"197",13,20,0,69.5294156509,13020
"198",13,21,0,55.2131739603,13021
"199",13,22,0,15.636173318,13022
"200",13,23,0,39.1810003851,13023
"201",13,24,0,18.9223217841,13024
"202",13,25,0,110.98635717,13025
"203",13,26,0,97.9292015294,13026
"204",13,27,0,78.2130874209,13027
"205",13,28,0,117.302587661,13028
"206",13,29,0,99.4144714777,13029
"207",13,30,0,64.2998326384,13030
"208",13,31,0,108.738416935,13031
"209",13,32,0,113.795909472,13032
"210",13,33,0,73.8405892998,13033
"211",13,34,0,79.6054901521,13034
"212",13,35,0,45.1852775192,13035
"213",13,36,0,46.5608155911,13036
"214",13,37,0,52.3686406086,13037
"215",13,38,0,10.3366483995,13038
"216",13,39,0,7.1292663475,13039
"217",13,40,0,115.374445604,13040
"218",13,41,0,51.1833891044,13041
"219",13,42,0,73.5295536701,13042
"220",13,43,0,83.4221119732,13043
"221",13,44,0,95.8187317852,13044
"222",13,45,0,10.6041680129,13045
"223",13,46,0,116.864091577,13046
"224",13,47,0,118.078798159,13047
"225",13,48,1,0,13048
"226",13,49,0,121.972324686,13049
"227",13,50,0,49.262150897,13050
"228",13,51,0,6.9973075104,13051
"229",13,52,0,15.6695832005,13052
"230",13,53,0,63.6686040593,13053
"231",13,54,0,34.1828292197,13054
"232",13,55,0,37.291773947,13055
"233",13,56,0,40.780886069,13056
"234",13,57,0,28.6761120236,13057
"235",13,58,0,76.5315636138,13058
"236",13,59,0,104.103551108,13059
"237",13,60,0,58.3638892397,13060
"238",13,61,0,41.9251957053,13061
"239",13,62,0,99.3456006266,13062
"240",13,63,0,67.6935716382,13063
"241",13,64,0,67.5831771384,13064
"242",13,65,0,43.8567352584,13065
"243",13,66,0,28.1929632115,13066
"244",13,67,0,56.4949196189,13067
"245",13,68,0,67.9784203478,13068
"246",13,69,0,40.3105503152,13069
"247",13,70,0,52.0120016788,13070
"248",13,71,0,91.469241077,13071
"249",13,72,0,36.4714839243,13072
"250",13,73,0,96.3159992254,13073
"251",13,74,0,50.7622051169,13074
"252",13,75,0,26.6506562145,13075
"253",13,76,0,63.804567389,13076
"254",13,77,0,38.8377007861,13077
"255",13,78,0,91.9246921966,13078
"256",13,79,0,72.7040205956,13079
"257",13,80,0,98.9221062387,13080
"258",13,81,0,58.5291413762,13081
"259",13,82,0,20.9804132108,13082
"260",13,83,0,24.0180444375,13083
"261",13,84,0,95.7724013542,13084
"262",14,1,0,46.7512444983,14001
"263",14,2,0,38.0259625754,14002
"264",14,3,0,65.7423038319,14003
"265",14,4,0,78.3194059928,14004
"266",14,5,0,43.8891719937,14005
"267",14,6,0,74.1788416374,14006
"268",14,7,0,69.6183316682,14007
"269",14,8,0,104.057212343,14008
"270",14,9,0,38.1236222995,14009
"271",14,10,0,71.5429885611,14010
"272",14,11,0,102.910273703,14011
"273",14,12,0,123.066523575,14012
"274",14,13,0,88.1811477547,14013
"275",14,14,0,75.9157922995,14014
"276",14,15,0,146.42321314,14015
"277",14,16,0,106.628764589,14016
"278",14,17,0,120.993931242,14017
"279",14,18,0,93.60580737,14018
"280",14,19,0,135.664025483,14019
"281",14,20,0,209.947446113,14020
"282",14,21,0,164.718224025,14021
"283",14,22,0,204.158433892,14022
"284",14,23,0,107.893432182,14023
"285",14,24,0,60.6815504651,14024
"286",14,25,0,159.731658693,14025
"287",14,26,0,77.756442496,14026
"288",14,27,0,172.33622092,14027
"289",14,28,0,122.743567692,14028
"290",14,29,0,43.1514299116,14029
"291",14,30,0,45.2799686204,14030
"292",14,31,0,130.144587795,14031
"293",14,32,0,84.3942705842,14032
"294",14,33,0,128.037982494,14033
"295",14,34,0,120.727775646,14034
"296",14,35,0,148.140244027,14035
"297",14,36,0,77.0439014237,14036
"298",14,37,0,132.507408614,14037
"299",14,38,0,108.088309185,14038
"300",14,39,1,0,14039
"301",14,40,0,84.6494750555,14040
"302",14,41,0,187.143801604,14041
"303",14,42,0,223.459814888,14042
"304",14,43,0,189.469373581,14043
"305",14,44,0,39.7329776666,14044
"306",14,45,0,23.3760167411,14045
"307",14,46,0,106.255088425,14046
"308",14,47,0,78.2284081418,14047
"309",14,48,0,116.808679778,14048
"310",14,49,0,148.446562768,14049
"311",14,50,0,44.2447553656,14050
"312",14,51,0,25.9302225092,14051
"313",14,52,0,102.528774502,14052
"314",14,53,0,164.376192536,14053
"315",14,54,0,126.643442315,14054
"316",14,55,0,70.4842669458,14055
"317",14,56,0,128.789295049,14056
"318",14,57,0,77.0409651819,14057
"319",14,58,0,150.565455985,14058
"320",14,59,0,90.5036533277,14059
"321",14,60,0,87.3477037657,14060
"322",14,61,0,193.837454157,14061
"323",14,62,0,113.929690386,14062
"324",14,63,0,69.7262586009,14063
"325",14,64,0,223.169903347,14064
"326",14,65,0,157.667394078,14065
"327",14,66,0,54.379008091,14066
"328",14,67,0,195.89930487,14067
"329",14,68,0,169.148831901,14068
"330",14,69,0,96.3110045451,14069
"331",14,70,0,24.0892921003,14070
"332",14,71,0,41.7329443505,14071
"333",14,72,0,144.086630164,14072
"334",14,73,0,122.115889448,14073
"335",14,74,0,125.874439747,14074
"336",14,75,0,89.6255469065,14075
"337",14,76,0,121.692349282,14076
"338",14,77,0,66.5670683974,14077
"339",14,78,0,105.388750723,14078
"340",14,79,0,98.5877618034,14079
"341",14,80,0,156.915329044,14080
"342",14,81,0,166.198635353,14081
"343",14,82,0,91.7084482178,14082
"344",14,83,0,37.532735642,14083
"345",14,84,0,156.925726061,14084
"346",14,85,0,111.12463997,14085
"347",14,86,0,91.6035654912,14086
"348",14,87,0,133.666829579,14087
"349",14,88,0,89.9609312477,14088
"350",14,89,0,70.1517983256,14089
"351",14,90,0,99.1004356542,14090
"352",14,91,0,115.803742989,14091
"353",14,92,0,64.6694945708,14092
"354",14,93,0,62.665116443,14093
"355",14,94,0,55.8802514576,14094
"356",14,95,0,52.6392339562,14095
"357",14,96,0,65.4364759886,14096
"358",14,97,0,24.7761172956,14097
"359",14,98,0,5.54110545925,14098
"360",14,99,0,133.31867198,14099
"361",14,100,0,214.464172838,14100
"362",14,101,0,11.6314924748,14101
"363",14,102,0,118.577402741,14102
"364",14,103,0,141.769719233,14103
"365",14,104,0,139.040470072,14104
"366",14,105,0,59.3151819103,14105
"367",14,106,0,127.420265397,14106
"368",14,107,0,59.9724317546,14107
"369",14,108,0,124.245334433,14108
"370",14,109,0,147.002601796,14109
"371",14,110,0,125.033350551,14110
"372",14,111,0,83.68872059,14111
"373",14,112,0,92.2967750723,14112
"374",14,113,0,111.915986144,14113
"375",14,114,0,43.9315675544,14114
"376",14,115,0,147.031693489,14115
"377",14,116,0,135.332840043,14116
"378",14,117,0,85.7891087917,14117
"379",14,118,0,73.1998868843,14118
"380",14,119,0,54.7417812552,14119
"381",14,120,0,6.84238357924,14120
"382",14,121,0,116.565140685,14121
"383",14,122,0,134.164172949,14122
"384",14,123,0,49.1075640159,14123
"385",14,124,0,29.4876459829,14124
"386",14,125,0,83.9852932579,14125
"387",15,1,0,75.9444909236,15001
"388",15,2,0,87.1449109247,15002
"389",15,3,0,90.9959838976,15003
"390",15,4,0,53.4029554077,15004
"391",15,5,0,13.5793441034,15005
"392",15,6,0,23.169095477,15006
"393",15,7,0,38.5424219067,15007
"394",15,8,0,87.7099667876,15008
"395",15,9,0,95.4857523468,15009
"396",15,10,0,90.9683179044,15010
"397",15,11,0,83.716495007,15011
"398",15,12,0,22.0621840172,15012
"399",15,13,0,52.375437998,15013
"400",15,14,0,60.5396268727,15014
"401",15,15,0,96.8857027676,15015
"402",15,16,0,105.960622516,15016
"403",15,17,0,92.1319019045,15017
"404",15,18,0,14.9858537205,15018
"405",15,19,0,23.1984020328,15019
"406",15,20,0,69.0805816491,15020
"407",15,21,0,42.3743034155,15021
"408",15,22,0,84.2325922906,15022
"409",15,23,0,71.2896502129,15023
"410",15,24,0,65.051323919,15024
"411",15,25,0,80.4553513522,15025
"412",15,26,0,59.1951710898,15026
"413",15,27,0,14.3513156961,15027
"414",15,28,0,86.49155635,15028
"415",15,29,0,80.7939783,15029
"416",15,30,0,85.2518647945,15030
"417",15,31,0,76.3024095445,15031
"418",15,32,0,51.3880212565,15032
"419",15,33,0,72.4354194531,15033
"420",15,34,0,102.566529317,15034
"421",15,35,0,76.4657037358,15035
"422",15,36,0,91.2019751848,15036
"423",15,37,0,33.067838335,15037
"424",15,38,0,38.4802667215,15038
"425",15,39,0,81.583876091,15039
"426",15,40,0,49.7265972039,15040
"427",15,41,0,64.1368533986,15041
"428",15,42,0,32.7830141905,15042
"429",15,43,0,28.4103863144,15043
"430",15,44,0,78.051366411,15044
"431",15,45,0,74.1528557653,15045
"432",15,46,0,38.5946662221,15046
"433",15,47,0,29.6833822647,15047
"434",15,48,0,48.2424410206,15048
"435",15,49,0,30.1144627431,15049
"436",15,50,0,84.7036997067,15050
"437",15,51,0,15.3782731231,15051
"438",15,52,0,41.3669823171,15052
"439",15,53,0,71.1006380998,15053
"440",15,54,0,7.19334098379,15054
"441",15,55,0,11.76764339,15055
"442",15,56,0,54.639725335,15056
"443",15,57,0,49.180172895,15057
"444",15,58,0,68.5839922886,15058
"445",15,59,0,78.2840566335,15059
"446",15,60,0,51.4310125393,15060
"447",15,61,0,113.261735523,15061
"448",15,62,0,21.4436198648,15062
"449",15,63,0,43.0891249858,15063
"450",15,64,0,75.1668163459,15064
"451",15,65,0,104.835200742,15065
"452",15,66,0,70.3872234194,15066
"453",15,67,0,17.1139412259,15067
"454",15,68,0,95.3240771425,15068
"455",15,69,0,89.3244199645,15069
"456",15,70,0,72.1518149126,15070
"457",15,71,0,104.304365943,15071
"458",15,72,0,17.9726360176,15072
"459",15,73,0,17.0714773059,15073
"460",15,74,0,56.0048968921,15074
"461",15,75,0,97.8458208322,15075
"462",15,76,0,13.8501423922,15076
"463",15,77,0,47.5761138193,15077
"464",15,78,0,64.7704889513,15078
"465",15,79,0,80.8996108633,15079
"466",15,80,0,58.1973401945,15080
"467",15,81,0,86.0521112009,15081
"468",15,82,0,67.7822407262,15082
"469",15,83,0,83.7259605123,15083
"470",15,84,0,99.138079674,15084
"471",15,85,0,77.9512243423,15085
"472",15,86,0,49.1416588749,15086
"473",15,87,0,20.618338053,15087
"474",15,88,0,37.3205582979,15088
"475",15,89,0,85.3988231432,15089
"476",15,90,0,22.1198887509,15090
"477",15,91,0,70.6647937075,15091
"478",15,92,0,93.6795370443,15092
"479",15,93,0,93.5109943514,15093
"480",15,94,0,93.2066428548,15094
"481",15,95,0,65.1864708775,15095
"482",15,96,0,86.7104459491,15096
"483",15,97,0,50.0414743202,15097
"484",15,98,0,24.1658688043,15098
"485",15,99,0,85.3005261671,15099
"486",15,100,0,85.4402444288,15100
"487",15,101,0,23.5864353014,15101
"488",15,102,0,65.0014607331,15102
"489",15,103,0,90.7482634796,15103
"490",15,104,0,55.7337825502,15104
"491",15,105,0,94.8326743972,15105
"492",15,106,1,0,15106
"493",15,107,0,54.4210822299,15107
"494",15,108,0,70.5778363629,15108
"495",15,109,0,64.6319375752,15109
"496",15,110,0,51.2570109717,15110
"497",15,111,0,52.638577124,15111
"498",15,112,0,52.2213855246,15112
"499",15,113,0,36.7614871987,15113
"500",15,114,0,39.2092918164,15114
"501",15,115,0,18.1671389025,15115
"502",15,116,0,67.7445618941,15116
"503",15,117,0,64.8485652118,15117
"504",15,118,0,8.25537308103,15118
"505",15,119,0,50.6664161132,15119
"506",15,120,0,80.8572060048,15120
"507",15,121,0,62.0027723843,15121
"508",15,122,0,75.3420465712,15122
"509",15,123,0,79.4638179433,15123
"510",15,124,0,66.0861786962,15124
"511",15,125,0,77.0541765627,15125
"512",16,1,0,27.29280999,16001
"513",16,2,0,199.80789709,16002
"514",16,3,0,21.0907083176,16003
"515",16,4,0,73.242395649,16004
"516",16,5,0,95.6873613468,16005
"517",16,6,0,140.280112975,16006
"518",16,7,0,82.0971135147,16007
"519",16,8,0,273.258946417,16008
"520",16,9,0,77.3160231188,16009
"521",16,10,0,189.093151216,16010
"522",16,11,0,156.465868199,16011
"523",16,12,0,156.742855209,16012
"524",16,13,0,76.2552093755,16013
"525",16,14,0,283.502553339,16014
"526",16,15,0,231.636750519,16015
"527",16,16,0,43.1164964121,16016
"528",16,17,0,111.296677705,16017
"529",16,18,0,21.2227432036,16018
"530",16,19,0,159.298696126,16019
"531",16,20,0,29.8288102277,16020
"532",16,21,0,111.570704203,16021
"533",16,22,0,16.0050005727,16022
"534",16,23,0,136.948562796,16023
"535",16,24,0,80.1231009314,16024
"536",16,25,0,98.6308893353,16025
"537",16,26,0,252.421244496,16026
"538",16,27,0,26.3319852302,16027
"539",16,28,0,104.076416909,16028
"540",16,29,0,124.61331262,16029
"541",16,30,0,116.652515581,16030
"542",16,31,0,105.515905216,16031
"543",16,32,0,56.930389266,16032
"544",16,33,0,108.922589537,16033
"545",16,34,0,66.901487196,16034
"546",16,35,0,104.644238767,16035
"547",16,36,0,32.784774731,16036
"548",16,37,0,39.3378475894,16037
"549",16,38,0,123.149185643,16038
"550",16,39,0,31.1432871201,16039
"551",16,40,0,25.3491857725,16040
"552",16,41,0,74.8702810586,16041
"553",16,42,0,136.052441843,16042
"554",16,43,0,120.113691084,16043
"555",16,44,0,63.2652317056,16044
"556",16,45,0,163.137744158,16045
"557",16,46,0,90.8172737494,16046
"558",16,47,0,78.180933811,16047
"559",16,48,0,27.9976736926,16048
"560",16,49,0,35.6128575454,16049
"561",16,50,0,81.4228849955,16050
"562",16,51,0,194.396363504,16051
"563",16,52,0,220.27926981,16052
"564",16,53,1,0,16053
"565",16,54,0,40.5317351102,16054
"566",16,55,0,120.298021713,16055
"567",16,56,0,76.3574289929,16056
"568",16,57,0,73.1369375556,16057
"569",16,58,0,103.624591717,16058
"570",16,59,0,92.858667613,16059
"571",16,60,0,99.8774107653,16060
"572",16,61,0,90.5806758973,16061
"573",16,62,0,150.984570849,16062
"574",16,63,0,67.2927982466,16063
"575",16,64,0,124.652354152,16064
"576",16,65,0,90.1742371468,16065
"577",16,66,0,48.7124420781,16066
"578",16,67,0,89.4875186341,16067
"579",16,68,0,130.258948367,16068
"580",16,69,0,111.977027297,16069
"581",16,70,0,88.4541837974,16070
"582",16,71,0,54.4566982404,16071
"583",16,72,0,34.4550554204,16072
"584",16,73,0,35.1407671976,16073
"585",16,74,0,179.769214231,16074
"586",16,75,0,135.368938871,16075
"587",16,76,0,164.523889419,16076
"588",16,77,0,130.397787907,16077
"589",16,78,0,38.1927814935,16078
"590",16,79,0,57.4576593134,16079
"591",16,80,0,88.2183460827,16080
"592",16,81,0,98.6504604835,16081
"593",16,82,0,58.8419263428,16082
"594",16,83,0,129.708907648,16083
"595",16,84,0,133.024204789,16084
"596",16,85,0,108.54991644,16085
"597",16,86,0,135.102620025,16086
"598",16,87,0,86.6105169497,16087
"599",16,88,0,10.3469919721,16088
"600",16,89,0,182.950784661,16089
"601",16,90,0,73.0262198768,16090
"602",16,91,0,135.580588931,16091
"603",16,92,0,101.040476706,16092
"604",16,93,0,107.476011013,16093
"605",16,94,0,95.3783972441,16094
"606",16,95,0,139.545695454,16095
"607",16,96,0,180.726254451,16096
"608",16,97,0,75.7920823243,16097
"609",16,98,0,77.9883261965,16098
"610",16,99,0,85.211504711,16099
"611",16,100,0,41.3467821361,16100
"612",16,101,0,30.9799183086,16101
"613",16,102,0,96.7772385791,16102
"614",16,103,0,159.6493821,16103
"615",16,104,0,151.269789326,16104
"616",16,105,0,148.221011509,16105
"617",16,106,0,134.152122599,16106
"618",16,107,0,64.3257200114,16107
"619",16,108,0,118.80304218,16108
"620",16,109,0,99.2074069785,16109
"621",16,110,0,41.9964240114,16110
"622",16,111,0,81.949338976,16111
"623",16,112,0,92.5853476217,16112
"624",16,113,0,78.6685774217,16113
"625",17,1,0,38.3775066556,17001
"626",17,2,0,35.6061514194,17002
"627",17,3,0,69.0142841578,17003
"628",17,4,0,31.8080155482,17004
"629",17,5,0,28.9141540087,17005
"630",17,6,0,32.009000913,17006
"631",17,7,1,0,17007
"632",17,8,0,10.4868417854,17008
"633",17,9,0,12.3621331862,17009
"634",17,10,0,53.6599557568,17010
"635",17,11,0,7.53740298047,17011
"636",17,12,0,34.2644416489,17012
"637",17,13,0,53.0104925009,17013
"638",17,14,0,25.1412479844,17014
"639",17,15,0,21.4267238063,17015
"640",17,16,0,48.9129345925,17016
"641",17,17,0,35.0416643389,17017
"642",17,18,0,8.5453258384,17018
"643",17,19,0,55.0394484534,17019
"644",17,20,0,15.8653301245,17020
"645",17,21,0,27.513630573,17021
"646",17,22,0,53.5917080029,17022
"647",17,23,0,26.9041929837,17023
"648",17,24,0,29.1921748948,17024
"649",17,25,0,33.1915700657,17025
"650",17,26,0,26.9503324967,17026
"651",17,27,0,33.9824076582,17027
"652",17,28,0,15.4917361365,17028
"653",17,29,0,18.8747202985,17029
"654",17,30,0,39.1008402217,17030
"655",17,31,0,29.7983410718,17031
"656",17,32,0,52.0554761186,17032
"657",17,33,0,51.1965748244,17033
"658",18,1,0,118.724898396,18001
"659",18,2,0,65.858060799,18002
"660",18,3,0,92.4272677212,18003
"661",18,4,0,29.8901581833,18004
"662",18,5,0,132.4636367,18005
"663",18,6,0,75.2577528206,18006
"664",18,7,0,64.7404834933,18007
"665",18,8,0,7.08232319647,18008
"666",18,9,0,90.8935662943,18009
"667",18,10,0,75.165329066,18010
"668",18,11,0,55.3909443995,18011
"669",18,12,0,40.4980892482,18012
"670",18,13,0,34.8604154263,18013
"671",18,14,0,36.9832766934,18014
"672",18,15,0,46.2288768541,18015
"673",18,16,0,113.870465238,18016
"674",18,17,1,0,18017
"675",18,18,0,63.7505737176,18018
"676",18,19,0,93.3539202668,18019
"677",18,20,0,85.7586010804,18020
"678",19,1,0,32.2834296759,19001
"679",19,2,0,103.763441395,19002
"680",19,3,0,117.302473177,19003
"681",19,4,0,51.2878818016,19004
"682",19,5,0,175.459543344,19005
"683",19,6,0,17.5520597344,19006
"684",19,7,0,179.956461591,19007
"685",19,8,0,98.1705627191,19008
"686",19,9,0,31.3294452616,19009
"687",19,10,0,30.0901487769,19010
"688",19,11,0,82.6118328193,19011
"689",19,12,0,34.7514186105,19012
"690",19,13,0,104.816517557,19013
"691",19,14,0,220.796219901,19014
"692",19,15,0,113.679812357,19015
"693",19,16,0,41.9587053295,19016
"694",19,17,0,95.6693367432,19017
"695",19,18,0,30.7482189322,19018
"696",19,19,0,8.95141734477,19019
"697",19,20,0,111.248903055,19020
"698",19,21,0,15.915546023,19021
"699",19,22,0,76.0931425953,19022
"700",19,23,0,101.814998418,19023
"701",19,24,0,194.764366376,19024
"702",19,25,0,32.4564936311,19025
"703",19,26,0,5.17688396113,19026
"704",19,27,0,92.5153807149,19027
"705",19,28,0,43.8361612105,19028
"706",19,29,0,106.723509587,19029
"707",19,30,0,111.372621545,19030
"708",19,31,0,21.6052806401,19031
"709",19,32,0,151.908246276,19032
"710",19,33,0,115.243227848,19033
"711",19,34,0,35.9941602933,19034
"712",19,35,0,86.7203857549,19035
"713",19,36,0,249.013326975,19036
"714",19,37,0,43.0666414658,19037
"715",19,38,0,70.8868974794,19038
"716",19,39,1,0,19039
"717",19,40,0,119.865755305,19040
"718",19,41,0,28.3498606179,19041
"719",19,42,0,67.2177755675,19042
"720",19,43,0,75.3287980241,19043
"721",19,44,0,93.2195844262,19044
"722",19,45,0,32.7219221709,19045
"723",19,46,0,10.2457693429,19046
"724",19,47,0,36.9158238408,19047
"725",19,48,0,14.7837550567,19048
"726",19,49,0,30.5234038082,19049
"727",19,50,0,114.641370579,19050
"728",19,51,0,93.0050750046,19051
"729",2,1,0,136.429653161,2001
"730",2,2,1,0,2002
"731",2,3,0,103.045348123,2003
"732",2,4,0,138.36065646,2004
"733",2,5,0,144.486192074,2005
"734",20,1,0,43.4719214083,20001
"735",20,2,0,164.133366827,20002
"736",20,3,0,83.2698620026,20003
"737",20,4,0,140.476306492,20004
"738",20,5,0,191.304319867,20005
"739",20,6,0,69.7246319822,20006
"740",20,7,0,33.2935699192,20007
"741",20,8,0,137.336776371,20008
"742",20,9,0,93.4746778702,20009
"743",20,10,0,177.126812354,20010
"744",20,11,0,175.596960187,20011
"745",20,12,0,128.007420775,20012
"746",20,13,0,18.5719005517,20013
"747",20,14,0,184.754683379,20014
"748",20,15,0,58.2755850171,20015
"749",20,16,0,169.264724882,20016
"750",20,17,0,56.4685118703,20017
"751",20,18,0,116.150420407,20018
"752",20,19,0,88.0943331514,20019
"753",20,20,0,131.641788618,20020
"754",20,21,0,170.706011744,20021
"755",20,22,0,165.736572603,20022
"756",20,23,0,9.26245642658,20023
"757",20,24,0,100.817976139,20024
"758",20,25,0,287.928569895,20025
"759",20,26,0,91.5755403362,20026
"760",20,27,0,103.552944806,20027
"761",20,28,0,54.8640963355,20028
"762",20,29,0,124.669903164,20029
"763",20,30,0,193.425906019,20030
"764",20,31,0,71.4710104612,20031
"765",20,32,0,178.606307303,20032
"766",20,33,0,15.4088621981,20033
"767",20,34,0,173.194171971,20034
"768",20,35,0,37.9968694322,20035
"769",20,36,0,150.070632276,20036
"770",20,37,0,135.376466747,20037
"771",20,38,0,60.7357078715,20038
"772",20,39,0,140.199951155,20039
"773",20,40,0,115.58119367,20040
"774",20,41,0,119.175198623,20041
"775",20,42,0,39.5292172503,20042
"776",20,43,0,197.612592425,20043
"777",20,44,0,147.564347798,20044
"778",20,45,0,22.6481074638,20045
"779",20,46,0,61.010109901,20046
"780",20,47,0,115.213111375,20047
"781",20,48,0,26.8106986994,20048
"782",20,49,0,38.8192847219,20049
"783",20,50,0,91.4205766481,20050
"784",20,51,0,24.7828964962,20051
"785",20,52,0,142.200825277,20052
"786",20,53,0,176.332589281,20053
"787",20,54,0,65.4247731869,20054
"788",20,55,0,176.431018875,20055
"789",20,56,0,175.364806709,20056
"790",20,57,0,183.470735169,20057
"791",20,58,0,109.530408313,20058
"792",20,59,0,82.1572433319,20059
"793",20,60,0,67.0480075293,20060
"794",20,61,0,77.2733129698,20061
"795",20,62,0,41.0410964206,20062
"796",20,63,0,16.8565112578,20063
"797",20,64,0,95.0473473746,20064
"798",20,65,0,150.769531548,20065
"799",20,66,0,235.784034766,20066
"800",20,67,1,0,20067
"801",20,68,0,30.1960742412,20068
"802",20,69,0,48.2669561031,20069
"803",20,70,0,152.886884467,20070
"804",20,71,0,129.858806781,20071
"805",20,72,0,41.710829159,20072
"806",20,73,0,130.24101839,20073
"807",20,74,0,95.2729118338,20074
"808",20,75,0,256.877968686,20075
"809",20,76,0,130.670823255,20076
"810",20,77,0,18.5282595382,20077
"811",20,78,0,12.9009849403,20078
"812",20,79,0,193.345344561,20079
"813",20,80,0,61.2660380199,20080
"814",20,81,0,151.954740068,20081
"815",20,82,0,138.245202856,20082
"816",20,83,0,5.55785290923,20083
"817",20,84,0,14.8952628577,20084
"818",20,85,0,116.069979445,20085
"819",20,86,0,87.1570070861,20086
"820",20,87,0,6.63372423153,20087
"821",20,88,0,105.240540419,20088
"822",20,89,0,128.424239605,20089
"823",20,90,0,152.614765711,20090
"824",20,91,0,7.95108097932,20091
"825",20,92,0,10.8593518527,20092
"826",20,93,0,103.169577093,20093
"827",20,94,0,45.5632364699,20094
"828",20,95,0,96.3975767516,20095
"829",20,96,0,75.358365075,20096
"830",20,97,0,57.7453510693,20097
"831",20,98,0,99.2360108529,20098
"832",20,99,0,191.812801989,20099
"833",20,100,0,66.9519863425,20100
"834",20,101,0,52.8752917402,20101
"835",20,102,0,20.4582814157,20102
"836",20,103,0,28.7579786448,20103
"837",20,104,0,42.6121916597,20104
"838",20,105,0,119.523189497,20105
"839",20,106,0,112.736321772,20106
"840",20,107,0,4.25396521924,20107
"841",20,108,0,48.0025880915,20108
"842",20,109,0,125.96382552,20109
"843",20,110,0,91.6958164174,20110
"844",20,111,0,156.39586431,20111
"845",20,112,0,41.7148387543,20112
"846",20,113,0,109.419987919,20113
"847",20,114,0,57.7522494793,20114
"848",20,115,0,11.4202414787,20115
"849",20,116,0,107.711603366,20116
"850",20,117,0,120.590167183,20117
"851",20,118,0,29.9363939066,20118
"852",20,119,0,80.6809242251,20119
"853",20,120,0,55.8613061449,20120
"854",20,121,0,86.0981632781,20121
"855",20,122,0,107.358344112,20122
"856",20,123,0,32.1036206933,20123
"857",20,124,0,181.903017045,20124
"858",20,125,0,91.3493391439,20125
"859",20,126,0,88.9399572684,20126
"860",20,127,0,94.5929269585,20127
"861",20,128,0,67.822410045,20128
"862",20,129,0,101.182795023,20129
"863",20,130,0,229.034577695,20130
"864",20,131,0,46.0107983166,20131
"865",20,132,0,35.0354125497,20132
"866",20,133,0,103.063813567,20133
"867",20,134,0,113.764302922,20134
"868",20,135,0,14.9527810689,20135
"869",20,136,0,93.1390201886,20136
"870",20,137,0,65.4886650489,20137
"871",20,138,0,52.7449485041,20138
"872",20,139,0,97.5496871147,20139
"873",20,140,0,75.4176546377,20140
"874",20,142,0,128.155923554,20142
"875",20,143,0,255.838748179,20143
"876",20,144,0,68.3356906031,20144
"877",20,145,0,14.7558516114,20145
"878",20,146,0,86.9449793426,20146
"879",20,147,0,75.6656791349,20147
"880",20,148,0,119.541745948,20148
"881",20,149,0,66.0941987206,20149
"882",20,150,0,32.554553742,20150
"883",20,151,0,120.438101162,20151
"884",20,152,0,173.126091496,20152
"885",20,153,0,113.587180771,20153
"886",20,154,0,84.2571359572,20154
"887",20,155,0,66.0256621996,20155
"888",20,156,0,69.1344557792,20156
"889",20,157,0,6.04375626867,20157
"890",20,158,0,93.3161146846,20158
"891",20,159,0,92.8767458214,20159
"892",20,160,0,146.507156164,20160
"893",20,161,0,47.459568946,20161
"894",20,162,0,40.8807663879,20162
"895",20,163,0,124.162596907,20163
"896",20,164,0,162.87464347,20164
"897",20,165,0,165.726314484,20165
"898",20,166,0,114.770431944,20166
"899",20,167,0,85.8539825826,20167
"900",20,168,0,182.740205456,20168
"901",20,169,0,130.85767001,20169
"902",20,170,0,86.4259106866,20170
"903",20,171,0,120.725156941,20171
"904",20,172,0,90.3071905226,20172
"905",20,173,0,45.2685538794,20173
"906",20,174,0,7.98086993501,20174
"907",20,175,0,53.3441050383,20175
"908",20,176,0,97.8436236474,20176
"909",20,177,0,85.8618685027,20177
"910",20,178,0,19.304481015,20178
"911",20,179,0,41.5754598621,20179
"912",20,180,0,186.182474785,20180
"913",20,181,0,142.565755995,20181
"914",20,182,0,89.7253353805,20182
"915",20,183,0,185.378613928,20183
"916",20,184,0,130.532757351,20184
"917",20,185,0,162.886180253,20185
"918",20,186,0,189.095667491,20186
"919",20,187,0,109.612022769,20187
"920",20,188,0,149.033943464,20188
"921",20,189,0,86.5520322909,20189
"922",20,190,0,102.659319286,20190
"923",20,191,0,35.5398740226,20191
"924",20,192,0,26.263430438,20192
"925",20,193,0,24.9430982303,20193
"926",20,194,0,64.2801896244,20194
"927",20,195,0,74.2900655526,20195
"928",20,196,0,43.3022201554,20196
"929",20,197,0,22.5575305076,20197
"930",20,198,0,176.867848287,20198
"931",20,199,0,184.58134032,20199
"932",20,200,0,88.4366410304,20200
"933",20,201,0,55.9535276976,20201
"934",20,202,0,108.819977986,20202
"935",20,203,0,55.2526838271,20203
"936",20,204,0,106.139848643,20204
"937",20,205,0,101.998521563,20205
"938",20,206,0,114.999244128,20206
"939",20,207,0,138.477205389,20207
"940",20,208,0,122.585937289,20208
"941",20,209,0,98.1936175621,20209
"942",20,210,0,112.383529921,20210
"943",20,211,0,114.435056247,20211
"944",20,212,0,87.0663470805,20212
"945",20,213,0,105.68937056,20213
"946",20,214,0,61.6544607125,20214
"947",20,215,0,74.4585408112,20215
"948",20,216,0,62.2505092683,20216
"949",20,217,0,55.3647662554,20217
"950",20,218,0,74.6399444539,20218
"951",20,219,0,18.804111003,20219
"952",20,220,0,74.4163986319,20220
"953",20,221,0,92.9719606145,20221
"954",20,222,0,62.7954569096,20222
"955",20,223,0,71.0337493837,20223
"956",20,224,0,77.2360235687,20224
"957",20,225,0,144.973030984,20225
"958",20,226,0,53.212255292,20226
"959",20,227,0,11.2919405549,20227
"960",20,228,0,128.479454376,20228
"961",20,229,0,73.4698253361,20229
"962",20,230,0,164.816957926,20230
"963",20,231,0,110.388863972,20231
"964",20,232,0,115.895322347,20232
"965",20,233,0,33.337973313,20233
"966",20,234,0,120.686226699,20234
"967",20,235,0,78.240564333,20235
"968",20,236,0,112.913824,20236
"969",20,237,0,142.562283,20237
"970",20,238,0,44.6579744727,20238
"971",20,239,0,101.817664525,20239
"972",20,240,0,126.384224678,20240
"973",20,241,0,51.4904234881,20241
"974",20,242,0,166.815345001,20242
"975",20,243,0,22.4836983079,20243
"976",20,244,0,120.645498188,20244
"977",20,245,0,166.024518996,20245
"978",20,246,0,56.9881210664,20246
"979",20,247,0,40.6947934732,20247
"980",20,248,0,211.661859513,20248
"981",20,249,0,120.919330341,20249
"982",20,250,0,70.8784582314,20250
"983",20,251,0,193.99409478,20251
"984",20,252,0,87.9982870072,20252
"985",20,253,0,124.811955737,20253
"986",20,254,0,105.727801047,20254
"987",20,255,0,68.0274606518,20255
"988",20,256,0,112.62896509,20256
"989",20,257,0,65.30900829,20257
"990",20,258,0,86.9435072045,20258
"991",20,259,0,184.888696849,20259
"992",20,260,0,39.2304179502,20260
"993",20,261,0,167.569305358,20261
"994",20,262,0,36.3459310804,20262
"995",20,263,0,95.6401191243,20263
"996",20,264,0,81.4957505319,20264
"997",20,265,0,217.781668998,20265
"998",20,266,0,139.520810042,20266
"999",20,267,0,33.5209294231,20267
"1000",20,268,0,53.0918103694,20268
"1001",20,269,0,97.0660911481,20269
"1002",20,270,0,87.9476470387,20270
"1003",20,271,0,40.0620336223,20271
"1004",20,272,0,113.556386617,20272
"1005",20,273,0,33.6445770266,20273
"1006",20,274,0,55.3202229921,20274
"1007",20,275,0,104.772122969,20275
"1008",20,276,0,95.6321824266,20276
"1009",20,277,0,66.2765523639,20277
"1010",20,278,0,135.14507267,20278
"1011",20,279,0,110.554517489,20279
"1012",20,280,0,61.1724318614,20280
"1013",20,281,0,69.2928597295,20281
"1014",20,282,0,151.203868624,20282
"1015",20,283,0,105.711683672,20283
"1016",20,284,0,34.4987088334,20284
"1017",20,285,0,161.80380758,20285
"1018",20,286,0,145.107891284,20286
"1019",20,287,0,108.656220803,20287
"1020",20,288,0,54.2191608528,20288
"1021",20,289,0,71.2928429584,20289
"1022",20,290,0,172.430328431,20290
"1023",20,291,0,92.7293277973,20291
"1024",20,292,0,19.8714044121,20292
"1025",20,293,0,10.3632663337,20293
"1026",20,294,0,29.5685528527,20294
"1027",20,295,0,26.5069727387,20295
"1028",20,296,0,55.6740809985,20296
"1029",20,297,0,83.9728282234,20297
"1030",20,298,0,42.213642215,20298
"1031",20,299,0,54.4800170115,20299
"1032",20,300,0,154.679626721,20300
"1033",20,301,0,35.9502723405,20301
"1034",20,302,0,150.836222093,20302
"1035",20,303,0,51.6924600202,20303
"1036",20,304,0,65.7392241269,20304
"1037",20,305,0,181.290651904,20305
"1038",20,306,0,116.841600465,20306
"1039",20,307,0,162.000711179,20307
"1040",20,308,0,193.365170586,20308
"1041",20,309,0,122.358950755,20309
"1042",20,310,0,10.2491794521,20310
"1043",20,311,0,77.0871556902,20311
"1044",20,312,0,155.373824601,20312
"1045",20,313,0,87.2463040261,20313
"1046",20,314,0,88.7588449839,20314
"1047",20,315,0,34.9457185774,20315
"1048",20,316,0,88.2381805821,20316
"1049",20,317,0,104.059148862,20317
"1050",20,318,0,125.446939018,20318
"1051",20,319,0,99.6198262012,20319
"1052",20,320,0,88.392753156,20320
"1053",20,321,0,120.595880894,20321
"1054",20,322,0,126.130036301,20322
"1055",20,323,0,95.8546877035,20323
"1056",20,324,0,148.114912652,20324
"1057",20,325,0,81.2129418933,20325
"1058",20,326,0,84.9372432839,20326
"1059",20,327,0,285.525519643,20327
"1060",20,328,0,50.9689124694,20328
"1061",20,329,0,60.8762658257,20329
"1062",20,330,0,101.515167751,20330
"1063",20,331,0,76.9823806753,20331
"1064",20,332,0,78.746139886,20332
"1065",20,333,0,63.3034410686,20333
"1066",20,334,0,140.798224995,20334
"1067",20,335,0,56.4478865452,20335
"1068",20,336,0,61.4199477325,20336
"1069",20,337,0,70.2770350768,20337
"1070",20,338,0,18.2372973057,20338
"1071",20,339,0,96.3470100904,20339
"1072",20,340,0,153.853032338,20340
"1073",20,341,0,98.7479758089,20341
"1074",20,342,0,10.4358059196,20342
"1075",20,343,0,16.4603253438,20343
"1076",20,344,0,95.6783372412,20344
"1077",20,345,0,164.277860861,20345
"1078",20,346,0,115.144659792,20346
"1079",20,347,0,101.148422745,20347
"1080",20,348,0,144.588177227,20348
"1081",20,349,0,17.028740604,20349
"1082",20,350,0,5.77417474523,20350
"1083",20,351,0,72.221957827,20351
"1084",20,352,0,161.979843279,20352
"1085",20,353,0,79.6127290353,20353
"1086",20,354,0,128.819978015,20354
"1087",20,355,0,102.518339729,20355
"1088",20,356,0,28.4058216689,20356
"1089",20,357,0,99.0263381869,20357
"1090",20,358,0,37.005266438,20358
"1091",20,359,0,39.3830286788,20359
"1092",20,360,0,24.5815684459,20360
"1093",20,361,0,95.7132764812,20361
"1094",20,362,0,84.0775854726,20362
"1095",20,363,0,28.8247756497,20363
"1096",20,364,0,109.979622156,20364
"1097",20,365,0,35.739775034,20365
"1098",20,366,0,109.658815957,20366
"1099",20,367,0,144.95273312,20367
"1100",20,368,0,33.2847717732,20368
"1101",20,369,0,19.9547106683,20369
"1102",20,370,0,95.4685810986,20370
"1103",20,371,0,87.601984099,20371
"1104",20,372,0,101.488719859,20372
"1105",20,373,0,145.780118193,20373
"1106",20,374,0,123.219588253,20374
"1107",20,375,0,4.48643669534,20375
"1108",20,376,0,171.68968372,20376
"1109",20,377,0,103.356416316,20377
"1110",20,378,0,34.1486898083,20378
"1111",20,379,0,108.647963438,20379
"1112",20,380,0,18.8499027097,20380
"1113",20,381,0,175.522392867,20381
"1114",20,382,0,84.4992729705,20382
"1115",20,383,0,96.8745987491,20383
"1116",20,384,0,81.8201368278,20384
"1117",20,385,0,3.74644320143,20385
"1118",20,386,0,101.747811466,20386
"1119",20,387,0,31.2403545158,20387
"1120",20,388,0,20.9376684,20388
"1121",20,389,0,28.0137722649,20389
"1122",20,390,0,3.36149972506,20390
"1123",20,391,0,97.3693026974,20391
"1124",20,392,0,102.34679879,20392
"1125",20,393,0,35.5082710785,20393
"1126",20,394,0,94.3010851132,20394
"1127",20,395,0,75.3645678173,20395
"1128",20,396,0,116.452875692,20396
"1129",20,397,0,105.761767791,20397
"1130",20,398,0,43.34692875,20398
"1131",20,399,0,7.51081643985,20399
"1132",20,400,0,139.656037335,20400
"1133",20,401,0,130.692283855,20401
"1134",20,402,0,182.356134862,20402
"1135",20,403,0,10.4716002822,20403
"1136",20,404,0,79.2391734059,20404
"1137",20,405,0,113.955631674,20405
"1138",20,406,0,130.451645628,20406
"1139",20,407,0,221.847856039,20407
"1140",20,408,0,99.2263982917,20408
"1141",20,409,0,9.72928259687,20409
"1142",20,410,0,125.673261021,20410
"1143",20,411,0,14.7996468637,20411
"1144",20,412,0,152.852903897,20412
"1145",20,413,0,142.392305066,20413
"1146",20,414,0,153.906894058,20414
"1147",20,415,0,149.482973163,20415
"1148",20,416,0,100.925074123,20416
"1149",20,417,0,104.451488275,20417
"1150",20,418,0,155.219419479,20418
"1151",20,419,0,39.9731177749,20419
"1152",20,420,0,48.6459610521,20420
"1153",20,421,0,176.34972047,20421
"1154",20,422,0,93.5468546729,20422
"1155",20,423,0,91.9044489192,20423
"1156",20,424,0,109.852801726,20424
"1157",20,425,0,80.520251083,20425
"1158",20,426,0,30.0479848602,20426
"1159",20,427,0,175.951926967,20427
"1160",20,428,0,113.415553267,20428
"1161",20,429,0,62.8902416385,20429
"1162",20,430,0,73.0140330114,20430
"1163",20,431,0,104.287688707,20431
"1164",20,432,0,70.4394851093,20432
"1165",20,433,0,111.606136344,20433
"1166",20,434,0,124.947753129,20434
"1167",20,435,0,77.7522634455,20435
"1168",20,436,0,81.0887761318,20436
"1169",20,437,0,71.7720207836,20437
"1170",20,438,0,98.6963444333,20438
"1171",20,439,0,146.604841885,20439
"1172",20,440,0,129.615687197,20440
"1173",20,441,0,200.839016306,20441
"1174",20,442,0,53.8621633989,20442
"1175",20,443,0,37.3568181939,20443
"1176",20,444,0,86.8878259694,20444
"1177",20,445,0,85.6574476454,20445
"1178",20,446,0,113.114735861,20446
"1179",20,447,0,140.932847482,20447
"1180",20,448,0,80.1905771329,20448
"1181",20,449,0,68.6798937034,20449
"1182",20,450,0,95.4806352811,20450
"1183",20,451,0,78.82786614,20451
"1184",20,452,0,28.3031742023,20452
"1185",20,453,0,164.747321396,20453
"1186",20,454,0,84.4977784754,20454
"1187",20,455,0,164.336488863,20455
"1188",20,456,0,131.595773505,20456
"1189",20,457,0,72.3751495646,20457
"1190",20,458,0,58.9952894672,20458
"1191",20,459,0,161.727574848,20459
"1192",20,460,0,92.9010594819,20460
"1193",20,461,0,153.576856558,20461
"1194",20,462,0,137.689011897,20462
"1195",20,463,0,57.1642124453,20463
"1196",20,464,0,115.643656267,20464
"1197",20,465,0,120.186521172,20465
"1198",20,466,0,114.504750196,20466
"1199",20,467,0,146.998136883,20467
"1200",20,469,0,142.36792885,20469
"1201",20,470,0,135.805285513,20470
"1202",20,471,0,64.9783269677,20471
"1203",20,472,0,173.207936999,20472
"1204",20,473,0,47.9349245334,20473
"1205",20,474,0,181.187553952,20474
"1206",20,475,0,42.8208967559,20475
"1207",20,476,0,145.747788998,20476
"1208",20,477,0,88.8868814171,20477
"1209",20,478,0,53.4423939676,20478
"1210",20,479,0,80.4714810245,20479
"1211",20,480,0,106.770745886,20480
"1212",20,481,0,112.809617234,20481
"1213",20,482,0,164.598609779,20482
"1214",20,483,0,26.1867671245,20483
"1215",20,484,0,174.808916734,20484
"1216",20,485,0,203.332857491,20485
"1217",20,486,0,104.996280555,20486
"1218",20,487,0,42.0288869093,20487
"1219",20,488,0,108.217644965,20488
"1220",20,489,0,137.912467412,20489
"1221",20,490,0,129.7440726,20490
"1222",20,491,0,70.8287678537,20491
"1223",20,492,0,70.8464667109,20492
"1224",20,493,0,77.9773416139,20493
"1225",20,494,0,29.45978561,20494
"1226",20,495,0,128.391381621,20495
"1227",20,496,0,40.9169378795,20496
"1228",20,497,0,109.656693351,20497
"1229",20,498,0,114.863407822,20498
"1230",20,499,0,101.878140879,20499
"1231",20,500,0,94.4981020333,20500
"1232",20,501,0,169.904180587,20501
"1233",20,502,0,88.3539479338,20502
"1234",20,503,0,55.1982559623,20503
"1235",20,504,0,28.0245989349,20504
"1236",20,505,0,218.652529749,20505
"1237",20,506,0,56.8614262011,20506
"1238",20,507,0,196.790841506,20507
"1239",20,508,0,177.343346978,20508
"1240",20,509,0,135.926600584,20509
"1241",20,510,0,88.8368759298,20510
"1242",20,511,0,46.3424552913,20511
"1243",20,512,0,110.274221016,20512
"1244",20,513,0,173.799354326,20513
"1245",20,514,0,72.8103465278,20514
"1246",20,515,0,181.177498717,20515
"1247",20,516,0,75.2636105894,20516
"1248",20,517,0,73.4497018585,20517
"1249",20,518,0,77.3720069392,20518
"1250",20,519,0,10.9408425162,20519
"1251",20,520,0,149.893664976,20520
"1252",20,521,0,91.6788535989,20521
"1253",20,522,0,50.6027017795,20522
"1254",20,523,0,84.3605282819,20523
"1255",20,524,0,120.296631956,20524
"1256",20,525,0,265.291641654,20525
"1257",20,526,0,114.918380361,20526
"1258",20,527,0,83.6973572995,20527
"1259",20,528,0,137.49446792,20528
"1260",20,529,0,159.115424292,20529
"1261",20,530,0,24.5795785455,20530
"1262",20,531,0,20.1869123666,20531
"1263",20,532,0,112.55587459,20532
"1264",20,533,0,88.5109962439,20533
"1265",20,534,0,75.6130763707,20534
"1266",20,535,0,50.6570959348,20535
"1267",20,536,0,88.9941183254,20536
"1268",20,537,0,160.599750299,20537
"1269",20,538,0,81.2074659815,20538
"1270",20,539,0,16.0942677535,20539
"1271",20,540,0,113.826304499,20540
"1272",20,541,0,57.6125219082,20541
"1273",20,542,0,54.647506652,20542
"1274",20,543,0,122.103826099,20543
"1275",20,544,0,34.4508761294,20544
"1276",20,545,0,124.357596546,20545
"1277",20,546,0,22.6045657303,20546
"1278",20,547,0,114.40847994,20547
"1279",20,548,0,113.303358222,20548
"1280",20,549,0,134.058353275,20549
"1281",20,550,0,16.6223254878,20550
"1282",20,551,0,29.0588143545,20551
"1283",20,552,0,116.155209872,20552
"1284",20,553,0,8.48914086764,20553
"1285",20,554,0,78.6040782824,20554
"1286",20,555,0,15.9533854565,20555
"1287",20,556,0,115.303554691,20556
"1288",20,557,0,215.933383296,20557
"1289",20,558,0,83.4188941022,20558
"1290",20,559,0,91.2381717834,20559
"1291",20,560,0,32.4325886573,20560
"1292",20,561,0,46.105805329,20561
"1293",20,562,0,76.9374064087,20562
"1294",20,563,0,66.6182485793,20563
"1295",20,564,0,61.9592390751,20564
"1296",20,565,0,12.3959963794,20565
"1297",20,567,0,195.208953026,20567
"1298",20,568,0,149.297996218,20568
"1299",20,569,0,50.4726373099,20569
"1300",20,570,0,22.364688154,20570
"1301",20,566,0,89.597187642,20566
"1302",20,468,0,108.933936527,20468
"1303",20,141,0,253.085518312,20141
"1304",21,1,0,26.7559015071,21001
"1305",21,2,0,158.837101386,21002
"1306",21,3,0,94.4998842356,21003
"1307",21,4,0,44.1950949826,21004
"1308",21,5,0,62.9677939997,21005
"1309",21,6,0,112.178860944,21006
"1310",21,7,0,52.4912071165,21007
"1311",21,8,0,110.987997974,21008
"1312",21,9,0,92.2622812202,21009
"1313",21,10,0,124.069273681,21010
"1314",21,11,0,119.352174939,21011
"1315",21,12,0,70.7401522455,21012
"1316",21,13,0,121.343483402,21013
"1317",21,14,0,118.937482522,21014
"1318",21,15,0,16.1445067599,21015
"1319",21,16,0,87.7342009441,21016
"1320",21,17,0,117.507432603,21017
"1321",21,18,0,86.6079651903,21018
"1322",21,19,0,29.1869989812,21019
"1323",21,20,0,38.7867951127,21020
"1324",21,21,0,66.9793459412,21021
"1325",21,22,0,47.5343805291,21022
"1326",21,23,0,93.5622246075,21023
"1327",21,24,0,96.8599429503,21024
"1328",21,25,0,142.975025202,21025
"1329",21,26,0,28.5757840649,21026
"1330",21,27,0,122.179517966,21027
"1331",21,28,0,119.41602302,21028
"1332",21,29,0,128.885716066,21029
"1333",21,30,0,122.874118056,21030
"1334",21,31,0,47.5332727538,21031
"1335",21,32,0,113.043864092,21032
"1336",21,33,0,62.4884384205,21033
"1337",21,34,0,15.1573524494,21034
"1338",21,35,0,140.955145533,21035
"1339",21,36,0,153.231155185,21036
"1340",21,37,0,80.7988354676,21037
"1341",21,38,0,41.8477699044,21038
"1342",21,39,0,105.027826003,21039
"1343",21,40,0,21.5581279979,21040
"1344",21,41,0,9.46188026296,21041
"1345",21,42,0,61.7068733489,21042
"1346",21,43,0,129.257953568,21043
"1347",21,44,0,86.8748350999,21044
"1348",21,45,0,79.5171047345,21045
"1349",21,46,0,95.6753362963,21046
"1350",21,47,0,92.9666109434,21047
"1351",21,48,0,33.5973607362,21048
"1352",21,49,0,119.439716379,21049
"1353",21,50,0,120.681445161,21050
"1354",21,51,0,70.7529711151,21051
"1355",21,52,0,45.956648984,21052
"1356",21,53,0,89.6518777487,21053
"1357",21,54,0,120.457954649,21054
"1358",21,55,0,124.134630344,21055
"1359",21,56,0,107.884910587,21056
"1360",21,57,0,132.320100012,21057
"1361",21,58,0,109.640989163,21058
"1362",21,59,0,93.6243830922,21059
"1363",21,60,0,29.5608675024,21060
"1364",21,61,0,145.04026192,21061
"1365",21,62,0,48.164338111,21062
"1366",21,63,0,89.498925065,21063
"1367",21,64,0,190.523120005,21064
"1368",21,65,0,52.0270415009,21065
"1369",21,66,0,105.750274057,21066
"1370",21,67,0,94.3279547929,21067
"1371",21,68,0,128.458243923,21068
"1372",21,69,0,47.3749644018,21069
"1373",21,70,0,43.3161573078,21070
"1374",21,71,0,126.108183883,21071
"1375",21,72,0,131.904236449,21072
"1376",21,73,0,90.7046167075,21073
"1377",21,74,0,25.6459418222,21074
"1378",21,75,0,121.987911719,21075
"1379",21,76,0,137.735801685,21076
"1380",21,77,0,120.685926762,21077
"1381",21,78,0,115.048354034,21078
"1382",21,79,0,45.2762983813,21079
"1383",21,80,0,123.168470327,21080
"1384",21,81,0,124.46520745,21081
"1385",21,82,0,75.3653616753,21082
"1386",21,83,0,75.6991453036,21083
"1387",21,84,0,123.080976826,21084
"1388",21,85,0,56.5573186091,21085
"1389",21,86,0,161.212649531,21086
"1390",21,87,0,105.525560334,21087
"1391",21,88,0,127.331759555,21088
"1392",21,89,0,134.732936109,21089
"1393",21,90,0,15.7507638446,21090
"1394",21,91,0,130.927350254,21091
"1395",21,92,0,71.7497865293,21092
"1396",21,93,0,98.9624447572,21093
"1397",21,94,0,71.1607262999,21094
"1398",21,95,0,33.2224712345,21095
"1399",21,96,0,52.907499325,21096
"1400",21,97,0,35.5993627693,21097
"1401",21,98,0,45.4379572415,21098
"1402",21,99,0,88.938061608,21099
"1403",21,100,0,131.445882724,21100
"1404",21,101,0,119.055314183,21101
"1405",21,102,0,24.3725658377,21102
"1406",21,103,0,105.936469485,21103
"1407",21,104,0,43.8775937676,21104
"1408",21,105,0,80.9480767676,21105
"1409",21,106,0,13.36618959,21106
"1410",21,107,0,128.914951442,21107
"1411",21,108,0,71.25334829,21108
"1412",21,109,0,136.444919964,21109
"1413",21,110,0,72.6074302342,21110
"1414",21,111,0,165.83925843,21111
"1415",21,112,0,110.53700308,21112
"1416",21,113,0,93.7937600193,21113
"1417",21,114,1,0,21114
"1418",21,115,0,57.7001520466,21115
"1419",21,116,0,114.581952693,21116
"1420",21,117,0,46.1332148877,21117
"1421",21,118,0,42.0937997178,21118
"1422",21,119,0,10.9422322687,21119
"1423",21,120,0,113.752223376,21120
"1424",21,121,0,29.5721647443,21121
"1425",21,122,0,37.9768007128,21122
"1426",21,123,0,123.384100533,21123
"1427",21,124,0,120.239920542,21124
"1428",21,125,0,15.8067338079,21125
"1429",21,126,0,21.7796557423,21126
"1430",21,127,0,95.9115522453,21127
"1431",21,128,0,50.3323023852,21128
"1432",21,129,0,127.707461767,21129
"1433",21,130,0,69.6405002509,21130
"1434",21,131,0,37.7391030544,21131
"1435",21,132,0,36.4963642752,21132
"1436",21,133,0,46.4648684202,21133
"1437",21,134,0,44.4130078395,21134
"1438",21,135,0,124.108991227,21135
"1439",21,136,0,18.1688521238,21136
"1440",21,137,0,69.8632653057,21137
"1441",21,138,0,30.6537937108,21138
"1442",21,139,0,102.493879851,21139
"1443",21,140,0,11.8177871051,21140
"1444",21,141,0,103.377374858,21141
"1445",21,142,0,59.5212384718,21142
"1446",21,143,0,41.9718084039,21143
"1447",21,144,0,47.0997605933,21144
"1448",21,145,0,159.586100452,21145
"1449",21,146,0,49.174804151,21146
"1450",21,147,0,72.4365342682,21147
"1451",21,148,0,19.9985713559,21148
"1452",21,149,0,96.8539180905,21149
"1453",21,150,0,33.9813946449,21150
"1454",21,151,0,38.8559997346,21151
"1455",21,152,0,52.3905656242,21152
"1456",21,153,0,28.8999751827,21153
"1457",21,154,0,52.7155854668,21154
"1458",21,155,0,104.020093224,21155
"1459",21,156,0,107.051778392,21156
"1460",21,157,0,79.2820401252,21157
"1461",21,158,0,150.011383653,21158
"1462",21,159,0,37.2492642984,21159
"1463",21,160,0,88.5621403617,21160
"1464",21,161,0,86.5040038877,21161
"1465",21,162,0,114.228698611,21162
"1466",21,163,0,24.7015012607,21163
"1467",21,164,0,32.095759057,21164
"1468",21,165,0,57.0772438142,21165
"1469",21,166,0,44.5520231407,21166
"1470",21,167,0,108.856558233,21167
"1471",21,168,0,68.6844353497,21168
"1472",21,169,0,58.7764993913,21169
"1473",21,170,0,89.4401387771,21170
"1474",21,171,0,42.4097166206,21171
"1475",21,172,0,94.9664539242,21172
"1476",21,173,0,119.18240561,21173
"1477",21,174,0,122.912781104,21174
"1478",21,175,0,27.5334145869,21175
"1479",21,176,0,62.9085355879,21176
"1480",21,177,0,70.1797691253,21177
"1481",21,178,0,142.589374428,21178
"1482",21,179,0,82.7082138811,21179
"1483",21,180,0,51.5663996487,21180
"1484",21,181,0,20.8716389169,21181
"1485",21,182,0,38.3375790855,21182
"1486",21,183,0,124.362589915,21183
"1487",21,184,0,124.883299896,21184
"1488",21,185,0,52.7656806641,21185
"1489",21,186,0,115.913563047,21186
"1490",21,187,0,153.764598172,21187
"1491",21,188,0,43.0582810447,21188
"1492",21,189,0,45.3887228024,21189
"1493",21,190,0,97.9383643899,21190
"1494",21,191,0,113.56355696,21191
"1495",21,192,0,130.675233762,21192
"1496",21,193,0,27.4600267699,21193
"1497",21,194,0,170.956597639,21194
"1498",21,195,0,119.532580703,21195
"1499",21,196,0,92.5399367493,21196
"1500",21,197,0,138.688824725,21197
"1501",21,198,0,114.485109287,21198
"1502",21,199,0,123.897619024,21199
"1503",21,200,0,103.070442609,21200
"1504",21,201,0,46.274555605,21201
"1505",21,202,0,118.474434873,21202
"1506",21,203,0,58.3902624794,21203
"1507",21,204,0,119.605344178,21204
"1508",21,205,0,63.0821811202,21205
"1509",21,206,0,52.1053827083,21206
"1510",21,207,0,111.901712508,21207
"1511",21,208,0,101.463157867,21208
"1512",21,209,0,110.164868979,21209
"1513",21,210,0,117.585635468,21210
"1514",21,211,0,105.157883898,21211
"1515",21,212,0,92.64495584,21212
"1516",21,213,0,137.408089122,21213
"1517",21,214,0,128.141833818,21214
"1518",21,215,0,114.713612795,21215
"1519",21,216,0,124.26510852,21216
"1520",21,217,0,147.879487743,21217
"1521",22,1,0,51.8188275511,22001
"1522",22,2,0,99.1860312994,22002
"1523",22,3,0,128.126874031,22003
"1524",22,4,0,60.7027181865,22004
"1525",22,5,0,41.7711149753,22005
"1526",22,6,0,7.37261623222,22006
"1527",22,7,0,51.6794808552,22007
"1528",22,8,0,26.9819820543,22008
"1529",22,9,0,117.389667737,22009
"1530",22,10,0,128.462842859,22010
"1531",22,11,0,6.28815152146,22011
"1532",22,12,0,27.412647751,22012
"1533",22,13,0,78.4434006474,22013
"1534",22,14,1,0,22014
"1535",22,15,0,92.5984533795,22015
"1536",22,16,0,46.6304015113,22016
"1537",22,17,0,53.2646675525,22017
"1538",22,18,0,59.0165804253,22018
"1539",23,1,0,263.443220194,23001
"1540",23,2,0,122.969422872,23002
"1541",23,3,0,346.376047911,23003
"1542",23,4,1,0,23004
"1543",23,5,0,333.250000267,23005
"1544",23,7,0,300.918031983,23007
"1545",23,8,0,268.974101042,23008
"1546",23,9,0,209.438681335,23009
"1547",23,10,0,22.3965938325,23010
"1548",23,6,0,145.660606462,23006
"1549",24,1,0,33.6315212983,24001
"1550",24,2,0,140.490712973,24002
"1551",24,3,0,208.765464844,24003
"1552",24,4,0,34.4042712833,24004
"1553",24,5,0,137.290335849,24005
"1554",24,6,0,170.657085062,24006
"1555",24,7,0,186.40812158,24007
"1556",24,8,0,77.3287873999,24008
"1557",24,9,0,19.432687711,24009
"1558",24,10,0,142.887124205,24010
"1559",24,11,0,101.329612507,24011
"1560",24,12,0,214.764464613,24012
"1561",24,13,0,200.820431729,24013
"1562",24,14,0,222.819241954,24014
"1563",24,15,0,109.200701963,24015
"1564",24,16,0,265.164622396,24016
"1565",24,17,0,78.2094982686,24017
"1566",24,18,0,216.510997386,24018
"1567",24,19,0,157.345326216,24019
"1568",24,20,0,168.912460717,24020
"1569",24,21,0,18.8158367552,24021
"1570",24,22,0,67.1605487269,24022
"1571",24,23,0,140.317904652,24023
"1572",24,24,0,103.4198456,24024
"1573",24,25,0,91.8241374268,24025
"1574",24,26,0,220.287557822,24026
"1575",24,27,0,130.898078574,24027
"1576",24,28,1,0,24028
"1577",24,29,0,253.043898415,24029
"1578",24,30,0,44.6328470233,24030
"1579",24,31,0,161.20037542,24031
"1580",24,32,0,45.9759521987,24032
"1581",24,33,0,151.026272677,24033
"1582",24,34,0,249.333698897,24034
"1583",24,35,0,5.69889430468,24035
"1584",24,36,0,163.862412868,24036
"1585",24,37,0,244.806852968,24037
"1586",24,38,0,244.984851623,24038
"1587",24,39,0,230.819501185,24039
"1588",24,40,0,225.427910481,24040
"1589",24,41,0,220.406270796,24041
"1590",24,42,0,244.754476599,24042
"1591",24,43,0,67.6407228955,24043
"1592",24,44,0,191.853591241,24044
"1593",24,45,0,87.1639355116,24045
"1594",24,46,0,49.3915472962,24046
"1595",24,47,0,137.216000704,24047
"1596",24,48,0,170.832720703,24048
"1597",24,49,0,121.06216736,24049
"1598",24,50,0,38.8597420032,24050
"1599",24,51,0,44.7617789444,24051
"1600",24,52,0,74.8473138927,24052
"1601",24,53,0,229.466574491,24053
"1602",24,54,0,220.661877244,24054
"1603",24,55,0,28.2117553545,24055
"1604",24,57,0,238.153712312,24057
"1605",24,58,0,173.344891896,24058
"1606",24,56,0,56.1351866526,24056
"1607",25,1,0,190.678327638,25001
"1608",25,2,0,97.3168572484,25002
"1609",25,3,0,63.2751164321,25003
"1610",25,4,0,214.117213299,25004
"1611",25,5,0,82.3070114888,25005
"1612",25,6,1,0,25006
"1613",25,7,0,228.999906417,25007
"1614",25,8,0,110.767736719,25008
"1615",25,9,0,271.82830613,25009
"1616",25,10,0,215.185622948,25010
"1617",25,11,0,135.144465585,25011
"1618",25,12,0,202.813566228,25012
"1619",25,13,0,90.8589121814,25013
"1620",25,14,0,253.387896236,25014
"1621",25,15,0,98.6123153084,25015
"1622",25,16,0,136.024248511,25016
"1623",25,17,0,138.632069413,25017
"1624",25,18,0,30.2940204337,25018
"1625",26,1,0,105.171945858,26001
"1626",26,2,0,279.104616501,26002
"1627",26,3,0,299.209689655,26003
"1628",26,4,0,196.60970036,26004
"1629",26,5,0,166.586001146,26005
"1630",26,6,0,155.407088193,26006
"1631",26,7,0,202.031648988,26007
"1632",26,8,0,186.325515787,26008
"1633",26,9,0,146.039809893,26009
"1634",26,10,0,233.841134951,26010
"1635",26,11,0,193.006365364,26011
"1636",26,12,0,190.370237344,26012
"1637",26,13,0,121.774020297,26013
"1638",26,14,0,100.372503424,26014
"1639",26,15,0,241.420678648,26015
"1640",26,16,0,119.387631041,26016
"1641",26,17,0,210.367768393,26017
"1642",26,18,0,202.140083074,26018
"1643",26,19,0,217.35194892,26019
"1644",26,20,0,64.9314015396,26020
"1645",26,21,0,47.9799505235,26021
"1646",26,22,0,138.437347262,26022
"1647",26,23,0,147.412573109,26023
"1648",26,24,0,149.848366699,26024
"1649",26,25,0,127.199856892,26025
"1650",26,26,0,273.305433669,26026
"1651",26,27,0,237.489860316,26027
"1652",26,28,0,174.854771875,26028
"1653",26,29,0,130.942087765,26029
"1654",26,30,1,0,26030
"1655",26,31,0,222.599800836,26031
"1656",26,32,0,177.840610688,26032
"1657",26,33,0,280.8212268,26033
"1658",26,34,0,113.390174464,26034
"1659",26,35,0,186.235966085,26035
"1660",26,36,0,169.769286594,26036
"1661",26,37,0,76.9784081139,26037
"1662",26,38,0,141.920798207,26038
"1663",26,39,0,263.845788024,26039
"1664",26,40,0,195.273294171,26040
"1665",26,41,0,183.94973479,26041
"1666",26,42,0,265.377180403,26042
"1667",26,43,0,246.070785644,26043
"1668",26,44,0,151.441093809,26044
"1669",26,45,0,96.6086862835,26045
"1670",26,46,0,195.954213816,26046
"1671",26,47,0,202.31966746,26047
"1672",26,48,0,341.69007542,26048
"1673",26,49,0,237.508269209,26049
"1674",26,50,0,76.9034761158,26050
"1675",26,51,0,204.486041548,26051
"1676",26,52,0,161.123380795,26052
"1677",26,53,0,107.234382922,26053
"1678",26,54,0,126.969577402,26054
"1679",26,55,0,512.80078185,26055
"1680",26,56,0,48.1103174005,26056
"1681",26,57,0,115.661034496,26057
"1682",26,58,0,160.979622042,26058
"1683",26,59,0,238.950120485,26059
"1684",26,60,0,225.587057648,26060
"1685",26,61,0,129.322883846,26061
"1686",26,62,0,126.943623154,26062
"1687",26,63,0,141.158817191,26063
"1688",26,64,0,153.705217321,26064
"1689",26,65,0,203.497213032,26065
"1690",26,66,0,64.106801839,26066
"1691",26,67,0,192.28191529,26067
"1692",26,68,0,92.1969621686,26068
"1693",26,69,0,206.953960342,26069
"1694",26,70,0,353.130354952,26070
"1695",26,71,0,242.515610786,26071
"1696",26,72,0,198.789396098,26072
"1697",27,1,0,149.987988849,27001
"1698",27,2,0,48.9900608817,27002
"1699",27,3,0,66.456664701,27003
"1700",27,4,1,0,27004
"1701",27,5,0,44.899700164,27005
"1702",27,6,0,28.6025359016,27006
"1703",27,7,0,126.689070389,27007
"1704",27,8,0,53.2745159206,27008
"1705",27,9,0,31.8255291937,27009
"1706",27,10,0,25.9282373381,27010
"1707",27,11,0,84.3318317568,27011
"1708",27,12,0,43.2806790553,27012
"1709",27,13,0,22.7446346251,27013
"1710",27,14,0,55.0538280006,27014
"1711",27,15,0,44.9589136568,27015
"1712",27,16,0,48.7822440122,27016
"1713",27,17,0,170.060794131,27017
"1714",28,1,0,85.7857079623,28001
"1715",28,2,0,140.833775442,28002
"1716",28,3,0,192.427927638,28003
"1717",28,4,0,131.038663436,28004
"1718",28,5,0,139.116684504,28005
"1719",28,6,0,69.0769954564,28006
"1720",28,7,0,288.102454515,28007
"1721",28,8,0,41.3868935038,28008
"1722",28,9,0,211.324006258,28009
"1723",28,10,0,128.960235272,28010
"1724",28,12,0,123.880157487,28012
"1725",28,13,0,25.262249591,28013
"1726",28,14,0,314.170689969,28014
"1727",28,15,0,282.71444694,28015
"1728",28,16,0,63.9060569966,28016
"1729",28,17,0,42.5412620269,28017
"1730",28,18,0,85.3206739664,28018
"1731",28,19,0,47.402782206,28019
"1732",28,20,0,102.579457977,28020
"1733",28,21,0,110.798617434,28021
"1734",28,22,0,288.288952753,28022
"1735",28,23,0,163.3902049,28023
"1736",28,24,0,299.02592668,28024
"1737",28,25,0,296.019266,28025
"1738",28,26,0,62.8704429256,28026
"1739",28,27,0,417.478062772,28027
"1740",28,28,0,132.704822299,28028
"1741",28,29,0,99.8707917487,28029
"1742",28,30,0,43.2107160565,28030
"1743",28,31,0,61.9874167484,28031
"1744",28,32,0,275.38301462,28032
"1745",28,33,0,270.348903954,28033
"1746",28,34,0,96.4678953234,28034
"1747",28,35,0,158.252212983,28035
"1748",28,36,0,111.343331884,28036
"1749",28,37,0,94.6667913997,28037
"1750",28,38,0,212.618961736,28038
"1751",28,39,0,99.0030489723,28039
"1752",28,40,0,252.675680114,28040
"1753",28,41,1,0,28041
"1754",28,42,0,88.7891408083,28042
"1755",28,43,0,83.9068858272,28043
"1756",28,11,0,75.748326834,28011
"1757",29,1,0,8.09178017741,29001
"1758",29,2,0,4.64290800809,29002
"1759",29,3,0,24.0804848535,29003
"1760",29,4,0,48.2024478451,29004
"1761",29,5,0,15.0541132739,29005
"1762",29,6,0,46.2067587636,29006
"1763",29,7,0,61.0212153464,29007
"1764",29,8,0,49.4468484606,29008
"1765",29,9,0,14.8362151334,29009
"1766",29,10,0,4.72137042005,29010
"1767",29,11,0,17.9053677282,29011
"1768",29,12,0,25.4016902278,29012
"1769",29,13,0,33.180613663,29013
"1770",29,14,0,20.6148281371,29014
"1771",29,15,0,14.7532075163,29015
"1772",29,16,0,36.8745489952,29016
"1773",29,17,0,15.936701802,29017
"1774",29,18,0,7.61883346858,29018
"1775",29,19,0,16.1699988372,29019
"1776",29,20,0,31.4687698889,29020
"1777",29,21,0,37.0521155112,29021
"1778",29,22,0,10.8877702311,29022
"1779",29,23,0,12.2255428091,29023
"1780",29,24,0,3.12544683146,29024
"1781",29,25,0,22.9137250859,29025
"1782",29,26,0,10.1758056667,29026
"1783",29,27,0,19.0489146597,29027
"1784",29,28,0,9.30817195406,29028
"1785",29,29,0,7.85965224054,29029
"1786",29,30,0,37.9994543111,29030
"1787",29,31,0,19.7308957008,29031
"1788",29,32,0,11.2218543189,29032
"1789",29,33,1,0,29033
"1790",29,34,0,35.3014367744,29034
"1791",29,35,0,23.1801585186,29035
"1792",29,36,0,2.41105932033,29036
"1793",29,37,0,36.8537227188,29037
"1794",29,38,0,16.7903179046,29038
"1795",29,39,0,22.1437499473,29039
"1796",29,40,0,12.2090243956,29040
"1797",29,41,0,16.6096353806,29041
"1798",29,42,0,15.6709083073,29042
"1799",29,43,0,11.3069364949,29043
"1800",29,44,0,11.1174880846,29044
"1801",29,45,0,35.7055515952,29045
"1802",29,46,0,43.1086792236,29046
"1803",29,47,0,36.3807054686,29047
"1804",29,48,0,6.25309901731,29048
"1805",29,49,0,6.50984038692,29049
"1806",29,50,0,10.0097378291,29050
"1807",29,51,0,8.69371817262,29051
"1808",29,52,0,18.3913443336,29052
"1809",29,53,0,8.80341122864,29053
"1810",29,54,0,10.1789732701,29054
"1811",29,55,0,18.5830635595,29055
"1812",29,56,0,10.3516302592,29056
"1813",29,57,0,11.5500539326,29057
"1814",29,58,0,13.1414273693,29058
"1815",29,59,0,11.5610743988,29059
"1816",29,60,0,5.9385365659,29060
"1817",3,1,0,167.270446109,3001
"1818",3,2,0,402.221353915,3002
"1819",3,3,1,0,3003
"1820",3,8,0,134.681776664,3008
"1821",3,9,0,230.802128781,3009
"1822",30,1,0,11.3693247636,30001
"1823",30,2,0,20.6163755165,30002
"1824",30,3,0,275.698134128,30003
"1825",30,4,0,32.2784919192,30004
"1826",30,5,0,165.950349335,30005
"1827",30,6,0,98.0883039323,30006
"1828",30,7,0,64.7333661438,30007
"1829",30,8,0,48.5235686901,30008
"1830",30,9,0,22.5640773611,30009
"1831",30,10,0,43.0282701082,30010
"1832",30,11,0,148.11701666,30011
"1833",30,12,0,174.770129587,30012
"1834",30,13,0,216.58912986,30013
"1835",30,14,0,75.2213751006,30014
"1836",30,15,0,187.467469274,30015
"1837",30,16,0,60.7081202315,30016
"1838",30,17,0,31.3879244675,30017
"1839",30,18,0,90.6256289326,30018
"1840",30,19,0,107.975283855,30019
"1841",30,20,0,93.5403998215,30020
"1842",30,21,0,69.5252555072,30021
"1843",30,22,0,70.7243805867,30022
"1844",30,23,0,44.5204053104,30023
"1845",30,24,0,23.6096090919,30024
"1846",30,25,0,30.7386581833,30025
"1847",30,26,0,7.39566619152,30026
"1848",30,27,0,201.454565802,30027
"1849",30,28,0,97.9110010615,30028
"1850",30,29,0,47.9793504949,30029
"1851",30,30,0,84.6706521435,30030
"1852",30,31,0,88.655165429,30031
"1853",30,32,0,227.241504409,30032
"1854",30,33,0,136.43145665,30033
"1855",30,34,0,203.095812049,30034
"1856",30,35,0,222.920607873,30035
"1857",30,36,0,14.1495350546,30036
"1858",30,37,0,117.239991493,30037
"1859",30,38,0,8.94234800346,30038
"1860",30,39,0,303.735572214,30039
"1861",30,40,0,119.810909812,30040
"1862",30,41,0,82.0763351879,30041
"1863",30,42,0,48.5142988293,30042
"1864",30,43,0,40.3058170259,30043
"1865",30,44,0,70.0494394333,30044
"1866",30,45,0,175.460492971,30045
"1867",30,46,0,22.7087747517,30046
"1868",30,47,0,51.944662919,30047
"1869",30,48,0,295.892882195,30048
"1870",30,49,0,94.6697497259,30049
"1871",30,50,0,100.69405235,30050
"1872",30,51,0,110.842123661,30051
"1873",30,52,0,83.6069705082,30052
"1874",30,53,0,81.6650193866,30053
"1875",30,54,0,177.24561595,30054
"1876",30,55,0,241.379760227,30055
"1877",30,56,0,247.389009404,30056
"1878",30,57,0,26.1839708111,30057
"1879",30,58,0,206.767885347,30058
"1880",30,59,0,290.535677619,30059
"1881",30,60,0,219.810841071,30060
"1882",30,61,0,350.060105293,30061
"1883",30,62,0,58.3222780232,30062
"1884",30,63,0,221.665415431,30063
"1885",30,64,0,103.124026129,30064
"1886",30,65,0,13.9851561263,30065
"1887",30,66,0,95.1774167502,30066
"1888",30,67,0,110.705446799,30067
"1889",30,68,0,69.4832037351,30068
"1890",30,69,0,103.829139833,30069
"1891",30,70,0,310.330003211,30070
"1892",30,71,0,42.3404217093,30071
"1893",30,72,0,197.525594804,30072
"1894",30,73,0,242.502851402,30073
"1895",30,74,0,82.4204347462,30074
"1896",30,75,0,133.070208942,30075
"1897",30,76,0,210.945978409,30076
"1898",30,77,0,222.422038137,30077
"1899",30,78,0,220.450417612,30078
"1900",30,79,0,27.7591327137,30079
"1901",30,80,0,53.0835597981,30080
"1902",30,81,0,73.630664049,30081
"1903",30,82,0,315.853643105,30082
"1904",30,83,0,171.848228297,30083
"1905",30,84,0,166.247842319,30084
"1906",30,85,0,76.2874610896,30085
"1907",30,86,0,50.9680406032,30086
"1908",30,87,1,0,30087
"1909",30,88,0,27.4748778189,30088
"1910",30,89,0,290.608810501,30089
"1911",30,90,0,89.7914500471,30090
"1912",30,91,0,307.255311999,30091
"1913",30,92,0,14.7148168047,30092
"1914",30,93,0,9.76548797626,30093
"1915",30,94,0,234.252668305,30094
"1916",30,95,0,42.2122755709,30095
"1917",30,96,0,24.2175432041,30096
"1918",30,97,0,178.348789016,30097
"1919",30,98,0,85.8336196167,30098
"1920",30,99,0,87.7826928492,30099
"1921",30,100,0,78.4819451748,30100
"1922",30,101,0,71.4281978154,30101
"1923",30,102,0,62.0225805699,30102
"1924",30,103,0,109.79892018,30103
"1925",30,104,0,264.089011142,30104
"1926",30,105,0,95.8519948652,30105
"1927",30,106,0,20.7239757968,30106
"1928",30,107,0,29.678665214,30107
"1929",30,108,0,304.016367592,30108
"1930",30,109,0,45.0535889787,30109
"1931",30,110,0,103.372967342,30110
"1932",30,111,0,322.088301703,30111
"1933",30,112,0,15.0950244832,30112
"1934",30,113,0,79.3909988181,30113
"1935",30,114,0,77.0982835249,30114
"1936",30,115,0,82.0048772546,30115
"1937",30,116,0,278.556036279,30116
"1938",30,117,0,87.5131979735,30117
"1939",30,118,0,77.1245222852,30118
"1940",30,119,0,176.665207241,30119
"1941",30,120,0,293.149610034,30120
"1942",30,121,0,255.194384242,30121
"1943",30,122,0,274.813967585,30122
"1944",30,123,0,308.662060294,30123
"1945",30,124,0,110.084487983,30124
"1946",30,125,0,64.8909864305,30125
"1947",30,126,0,57.6265937011,30126
"1948",30,127,0,70.0106198248,30127
"1949",30,128,0,34.018430924,30128
"1950",30,129,0,245.406077526,30129
"1951",30,130,0,221.634189619,30130
"1952",30,131,0,124.085531347,30131
"1953",30,132,0,22.6649670848,30132
"1954",30,133,0,308.986177162,30133
"1955",30,134,0,51.449317802,30134
"1956",30,135,0,80.9036216975,30135
"1957",30,136,0,10.14633256,30136
"1958",30,137,0,95.458330912,30137
"1959",30,138,0,79.5526951256,30138
"1960",30,139,0,180.003560016,30139
"1961",30,140,0,83.6984703507,30140
"1962",30,141,0,216.865531457,30141
"1963",30,142,0,262.378337901,30142
"1964",30,143,0,207.966325356,30143
"1965",30,144,0,276.863245146,30144
"1966",30,145,0,277.415406775,30145
"1967",30,146,0,36.9980594557,30146
"1968",30,147,0,88.7285007901,30147
"1969",30,148,0,75.0134766453,30148
"1970",30,149,0,260.480693072,30149
"1971",30,150,0,220.883266672,30150
"1972",30,151,0,201.561097356,30151
"1973",30,152,0,300.466319112,30152
"1974",30,153,0,214.76028616,30153
"1975",30,154,0,220.939552235,30154
"1976",30,155,0,243.581322382,30155
"1977",30,156,0,27.1295269096,30156
"1978",30,157,0,154.352821142,30157
"1979",30,158,0,105.585693227,30158
"1980",30,159,0,112.614183824,30159
"1981",30,160,0,172.791428863,30160
"1982",30,161,0,268.367722088,30161
"1983",30,162,0,31.088551744,30162
"1984",30,163,0,31.3404073336,30163
"1985",30,164,0,16.4394561597,30164
"1986",30,165,0,51.5968616826,30165
"1987",30,166,0,21.008143589,30166
"1988",30,167,0,205.640726949,30167
"1989",30,168,0,89.6073181247,30168
"1990",30,169,0,205.965584471,30169
"1991",30,170,0,190.916693444,30170
"1992",30,171,0,101.08585439,30171
"1993",30,172,0,287.680985697,30172
"1994",30,173,0,104.860252868,30173
"1995",30,174,0,133.516763787,30174
"1996",30,175,0,146.551677564,30175
"1997",30,176,0,176.830308166,30176
"1998",30,177,0,17.3527879733,30177
"1999",30,178,0,167.871163481,30178
"2000",30,179,0,38.1737522158,30179
"2001",30,180,0,180.251460662,30180
"2002",30,181,0,121.36864962,30181
"2003",30,182,0,6.81497278307,30182
"2004",30,183,0,57.0146136785,30183
"2005",30,184,0,103.369030479,30184
"2006",30,185,0,81.9947825497,30185
"2007",30,186,0,55.6283821221,30186
"2008",30,187,0,17.2479348241,30187
"2009",30,188,0,35.1944758106,30188
"2010",30,189,0,166.847066555,30189
"2011",30,190,0,179.450541186,30190
"2012",30,191,0,60.7349005716,30191
"2013",30,192,0,62.3542484517,30192
"2014",30,193,0,89.2925129256,30193
"2015",30,194,0,34.3421280682,30194
"2016",30,195,0,100.304539486,30195
"2017",30,196,0,77.8513807536,30196
"2018",30,197,0,40.5657540656,30197
"2019",30,198,0,179.868855241,30198
"2020",30,199,0,298.098163048,30199
"2021",30,200,0,46.0779467039,30200
"2022",30,201,0,95.5537283153,30201
"2023",30,202,0,201.75240715,30202
"2024",30,203,0,96.4477127943,30203
"2025",30,204,0,332.085617343,30204
"2026",30,205,0,294.743154471,30205
"2027",30,206,0,311.356046981,30206
"2028",30,207,0,165.05369614,30207
"2029",30,208,0,178.666009397,30208
"2030",30,209,0,269.501215957,30209
"2031",30,210,0,362.569706828,30210
"2032",30,211,0,73.3680689949,30211
"2033",30,212,0,241.873631035,30212
"2034",31,1,0,35.8432194075,31001
"2035",31,2,0,24.6195068959,31002
"2036",31,3,0,82.6862838672,31003
"2037",31,4,0,28.1154059682,31004
"2038",31,5,0,46.2409011693,31005
"2039",31,6,0,89.620048987,31006
"2040",31,7,0,41.040247721,31007
"2041",31,8,0,149.8302273,31008
"2042",31,9,0,57.9652859984,31009
"2043",31,10,0,78.7537235566,31010
"2044",31,11,0,81.1053864834,31011
"2045",31,12,0,105.545958316,31012
"2046",31,13,0,15.9367488789,31013
"2047",31,14,0,142.302597627,31014
"2048",31,15,0,40.4780717674,31015
"2049",31,16,0,108.306708863,31016
"2050",31,17,0,123.48761221,31017
"2051",31,18,0,58.9054707084,31018
"2052",31,19,0,178.265252038,31019
"2053",31,20,0,21.9869225636,31020
"2054",31,21,0,150.567309136,31021
"2055",31,22,0,137.4201168,31022
"2056",31,23,0,32.1300669353,31023
"2057",31,24,0,68.2451657424,31024
"2058",31,25,0,66.1311412016,31025
"2059",31,26,0,42.3871136104,31026
"2060",31,27,0,67.5816411315,31027
"2061",31,28,0,89.1310413977,31028
"2062",31,29,0,79.6914131451,31029
"2063",31,30,0,114.424260716,31030
"2064",31,31,0,77.9247663143,31031
"2065",31,32,0,136.388709017,31032
"2066",31,33,0,72.0356007623,31033
"2067",31,34,0,42.6874955212,31034
"2068",31,35,0,45.1617963433,31035
"2069",31,36,0,43.2058902603,31036
"2070",31,37,0,54.8843089952,31037
"2071",31,38,0,26.6868045868,31038
"2072",31,39,0,25.3660392226,31039
"2073",31,40,0,62.7006184372,31040
"2074",31,41,0,7.75110421971,31041
"2075",31,42,0,63.7575625361,31042
"2076",31,43,0,131.186859153,31043
"2077",31,44,0,33.9056230025,31044
"2078",31,45,0,45.3055998597,31045
"2079",31,46,0,60.4966183728,31046
"2080",31,47,0,68.4870457793,31047
"2081",31,48,0,57.529449681,31048
"2082",31,49,0,69.6204567527,31049
"2083",31,50,1,0,31050
"2084",31,51,0,23.5286374461,31051
"2085",31,52,0,37.9791513356,31052
"2086",31,53,0,54.2679280508,31053
"2087",31,54,0,31.6035429689,31054
"2088",31,55,0,51.985896661,31055
"2089",31,56,0,76.668062819,31056
"2090",31,57,0,144.446032964,31057
"2091",31,58,0,118.219678658,31058
"2092",31,59,0,35.1743803175,31059
"2093",31,60,0,103.369751457,31060
"2094",31,61,0,166.525513779,31061
"2095",31,62,0,52.2778918402,31062
"2096",31,63,0,28.8824941712,31063
"2097",31,64,0,47.6544572755,31064
"2098",31,65,0,158.215971415,31065
"2099",31,66,0,70.6712216129,31066
"2100",31,67,0,29.8213516547,31067
"2101",31,68,0,53.6097926615,31068
"2102",31,69,0,76.1561663751,31069
"2103",31,70,0,137.059499607,31070
"2104",31,71,0,66.6446505999,31071
"2105",31,72,0,50.9847747133,31072
"2106",31,73,0,110.12483149,31073
"2107",31,74,0,39.4886805665,31074
"2108",31,75,0,71.9539389484,31075
"2109",31,76,0,29.395488824,31076
"2110",31,77,0,70.2725473883,31077
"2111",31,78,0,53.8519446914,31078
"2112",31,79,0,91.4639314554,31079
"2113",31,80,0,56.7189611768,31080
"2114",31,81,0,146.692288495,31081
"2115",31,82,0,44.9091389375,31082
"2116",31,83,0,55.8264163209,31083
"2117",31,84,0,73.7827043952,31084
"2118",31,85,0,148.515708723,31085
"2119",31,86,0,61.19075913,31086
"2120",31,87,0,31.974511853,31087
"2121",31,88,0,57.6722083429,31088
"2122",31,89,0,63.6465673329,31089
"2123",31,90,0,20.7903621459,31090
"2124",31,91,0,129.654409334,31091
"2125",31,92,0,148.317294164,31092
"2126",31,93,0,24.0677000259,31093
"2127",31,94,0,97.0760761825,31094
"2128",31,95,0,18.9307881523,31095
"2129",31,96,0,153.448842151,31096
"2130",31,97,0,90.5638877832,31097
"2131",31,98,0,115.696455306,31098
"2132",31,99,0,138.248594085,31099
"2133",31,100,0,14.5088330268,31100
"2134",31,101,0,15.9063992584,31101
"2135",31,102,0,150.687851865,31102
"2136",31,103,0,48.0022232157,31103
"2137",31,104,0,94.7572950974,31104
"2138",31,105,0,23.7617100383,31105
"2139",31,106,0,60.2037169604,31106
"2140",32,1,0,153.942304993,32001
"2141",32,2,0,154.0626547,32002
"2142",32,3,0,140.726670984,32003
"2143",32,4,0,172.947074237,32004
"2144",32,5,0,23.2568181608,32005
"2145",32,6,0,93.3290380686,32006
"2146",32,7,0,233.860490814,32007
"2147",32,8,0,42.676708177,32008
"2148",32,9,0,153.42735332,32009
"2149",32,10,0,53.3578874395,32010
"2150",32,11,0,195.992242222,32011
"2151",32,12,0,34.018692697,32012
"2152",32,13,0,29.6245696402,32013
"2153",32,14,0,142.271273771,32014
"2154",32,15,0,106.994043692,32015
"2155",32,16,0,48.415361711,32016
"2156",32,17,0,6.27626232371,32017
"2157",32,18,0,118.408938887,32018
"2158",32,19,0,133.192490361,32019
"2159",32,20,0,44.6330611416,32020
"2160",32,21,0,134.689251465,32021
"2161",32,22,0,186.8929076,32022
"2162",32,23,0,161.107432992,32023
"2163",32,24,0,81.5344006894,32024
"2164",32,25,0,50.1946157838,32025
"2165",32,26,0,229.98845744,32026
"2166",32,27,0,245.921642695,32027
"2167",32,28,0,190.663524662,32028
"2168",32,29,0,189.913612917,32029
"2169",32,30,0,121.040799552,32030
"2170",32,31,0,113.363179636,32031
"2171",32,32,0,10.269780751,32032
"2172",32,33,0,177.926412673,32033
"2173",32,34,0,158.952533196,32034
"2174",32,35,0,76.7336903694,32035
"2175",32,36,0,39.4520607013,32036
"2176",32,37,0,11.4946142918,32037
"2177",32,38,0,114.185088298,32038
"2178",32,39,0,125.390051951,32039
"2179",32,40,0,112.066766324,32040
"2180",32,41,0,257.83706246,32041
"2181",32,42,0,143.461183948,32042
"2182",32,43,0,56.5410011702,32043
"2183",32,44,0,106.675493506,32044
"2184",32,45,0,144.591996373,32045
"2185",32,46,0,68.0547686658,32046
"2186",32,47,0,171.351488544,32047
"2187",32,48,0,132.976698389,32048
"2188",32,49,0,100.803743028,32049
"2189",32,50,0,6.49004090493,32050
"2190",32,51,0,61.6759667963,32051
"2191",32,52,0,92.1661839869,32052
"2192",32,53,0,72.8283753548,32053
"2193",32,54,0,98.8037353395,32054
"2194",32,55,0,56.4336249065,32055
"2195",32,56,1,0,32056
"2196",32,57,0,21.3274492446,32057
"2197",32,58,0,163.859805546,32058
"2198",4,1,0,77.5063237465,4001
"2199",4,2,1,0,4002
"2200",4,3,0,191.294543797,4003
"2201",4,4,0,57.4509626576,4004
"2202",4,5,0,56.1162178,4005
"2203",4,6,0,73.6854154723,4006
"2204",4,7,0,240.747819216,4007
"2205",4,8,0,39.3159326347,4008
"2206",4,9,0,138.810671773,4009
"2207",4,10,0,191.178871958,4010
"2208",4,11,0,191.558936005,4011
"2209",5,1,0,199.366044843,5001
"2210",5,2,0,432.483918763,5002
"2211",5,3,0,324.459691598,5003
"2212",5,4,0,15.05920316,5004
"2213",5,5,0,160.520633642,5005
"2214",5,6,0,156.771986655,5006
"2215",5,7,0,201.894763193,5007
"2216",5,8,0,204.820436387,5008
"2217",5,9,0,225.81038047,5009
"2218",5,10,0,172.306661978,5010
"2219",5,11,0,47.2582767208,5011
"2220",5,12,0,325.39556007,5012
"2221",5,13,0,284.137292924,5013
"2222",5,14,0,405.4980537,5014
"2223",5,15,0,243.502815101,5015
"2224",5,16,0,196.015109368,5016
"2225",5,17,0,218.871598226,5017
"2226",5,18,0,168.865457188,5018
"2227",5,19,0,331.304756458,5019
"2228",5,20,0,276.643201215,5020
"2229",5,21,0,187.131868757,5021
"2230",5,22,0,333.180009076,5022
"2231",5,23,0,249.328629483,5023
"2232",5,24,0,116.129248015,5024
"2233",5,25,0,366.952725889,5025
"2234",5,26,0,222.402758846,5026
"2235",5,27,0,14.2954353475,5027
"2236",5,28,0,269.181828056,5028
"2237",5,29,0,188.96521172,5029
"2238",5,30,1,0,5030
"2239",5,31,0,189.233909011,5031
"2240",5,33,0,197.594254533,5033
"2241",5,34,0,333.527695705,5034
"2242",5,35,0,240.717034608,5035
"2243",5,36,0,177.423472633,5036
"2244",5,37,0,311.238764537,5037
"2245",5,38,0,339.744690967,5038
"2246",5,32,0,279.458759402,5032
"2247",6,1,0,42.1157730961,6001
"2248",6,2,1,0,6002
"2249",6,3,0,9.45770270862,6003
"2250",6,4,0,9.86425475895,6004
"2251",6,5,0,16.3645611928,6005
"2252",6,6,0,26.7817328975,6006
"2253",6,7,0,65.6209529812,6007
"2254",6,8,0,37.4353552481,6008
"2255",6,9,0,39.8821970708,6009
"2256",6,10,0,2.58533133112,6010
"2257",7,1,0,163.629489992,7001
"2258",7,2,0,40.2519436398,7002
"2259",7,3,0,169.346004348,7003
"2260",7,4,0,116.944912242,7004
"2261",7,5,0,75.6150251586,7005
"2262",7,6,0,182.405324223,7006
"2263",7,7,0,78.0057503248,7007
"2264",7,8,0,106.416910702,7008
"2265",7,9,0,102.864485595,7009
"2266",7,10,0,177.772708772,7010
"2267",7,11,0,160.765794157,7011
"2268",7,12,0,17.9127382362,7012
"2269",7,13,0,36.2626464321,7013
"2270",7,14,0,54.6451558813,7014
"2271",7,15,0,221.129610184,7015
"2272",7,16,0,160.349932175,7016
"2273",7,17,0,66.0319374397,7017
"2274",7,18,0,41.9716708252,7018
"2275",7,19,0,120.230313319,7019
"2276",7,20,0,84.5072043464,7020
"2277",7,21,0,38.9827197925,7021
"2278",7,22,0,58.6608873806,7022
"2279",7,23,0,46.4054278366,7023
"2280",7,24,0,93.5065414406,7024
"2281",7,25,0,64.919965531,7025
"2282",7,26,0,55.2924400229,7026
"2283",7,27,0,11.9215807189,7027
"2284",7,28,0,47.5154767753,7028
"2285",7,29,0,23.6282460457,7029
"2286",7,30,0,143.952789802,7030
"2287",7,31,0,99.3707861478,7031
"2288",7,32,0,166.446224284,7032
"2289",7,34,0,161.182289194,7034
"2290",7,35,0,241.766298708,7035
"2291",7,36,0,168.531830289,7036
"2292",7,37,0,208.097272714,7037
"2293",7,38,0,71.9052415353,7038
"2294",7,39,0,65.6946776819,7039
"2295",7,40,0,192.447144967,7040
"2296",7,41,0,131.138913834,7041
"2297",7,42,0,60.7939780247,7042
"2298",7,43,0,74.9264380577,7043
"2299",7,44,0,23.3744995156,7044
"2300",7,45,0,83.2018350825,7045
"2301",7,46,0,58.9368902115,7046
"2302",7,47,0,44.2595052352,7047
"2303",7,48,0,94.9095226904,7048
"2304",7,49,0,45.9452618769,7049
"2305",7,50,0,182.97695236,7050
"2306",7,51,0,147.32287441,7051
"2307",7,52,0,132.589149324,7052
"2308",7,53,0,182.070218593,7053
"2309",7,54,0,221.633539069,7054
"2310",7,55,0,235.102868134,7055
"2311",7,56,0,54.0964764373,7056
"2312",7,57,0,180.829860181,7057
"2313",7,58,0,67.4722720615,7058
"2314",7,59,0,111.911553184,7059
"2315",7,60,0,52.4032749008,7060
"2316",7,61,0,28.2965660417,7061
"2317",7,62,0,76.0081456155,7062
"2318",7,63,0,20.2516528519,7063
"2319",7,64,0,83.8825304693,7064
"2320",7,65,0,148.412773587,7065
"2321",7,66,0,75.3910278267,7066
"2322",7,67,0,48.5671063312,7067
"2323",7,68,0,83.5102504005,7068
"2324",7,69,0,118.003825903,7069
"2325",7,70,0,170.212220091,7070
"2326",7,71,0,180.569703367,7071
"2327",7,72,0,50.5201226355,7072
"2328",7,73,0,50.6844590361,7073
"2329",7,74,0,123.098504695,7074
"2330",7,75,0,91.9035936627,7075
"2331",7,76,0,84.5948877143,7076
"2332",7,77,0,122.643922711,7077
"2333",7,78,0,51.90835547,7078
"2334",7,79,0,16.3558295924,7079
"2335",7,80,0,158.248741401,7080
"2336",7,81,0,60.9225811077,7081
"2337",7,82,0,92.5510115241,7082
"2338",7,83,0,100.683878482,7083
"2339",7,84,0,75.218618934,7084
"2340",7,85,0,25.5850647326,7085
"2341",7,86,0,14.6530870254,7086
"2342",7,87,0,252.818205459,7087
"2343",7,88,0,82.5562947664,7088
"2344",7,89,0,224.281227946,7089
"2345",7,90,0,48.2737029778,7090
"2346",7,91,0,55.7574197267,7091
"2347",7,92,0,47.3597485507,7092
"2348",7,93,0,66.4704760836,7093
"2349",7,94,0,73.717602302,7094
"2350",7,96,0,96.0715557246,7096
"2351",7,97,0,100.9537936,7097
"2352",7,98,0,52.6417845004,7098
"2353",7,99,0,135.65132428,7099
"2354",7,100,0,104.200739105,7100
"2355",7,101,1,0,7101
"2356",7,102,0,225.958984587,7102
"2357",7,103,0,193.478413292,7103
"2358",7,104,0,119.080030493,7104
"2359",7,105,0,218.956095623,7105
"2360",7,106,0,75.4153825239,7106
"2361",7,107,0,65.1459280333,7107
"2362",7,108,0,59.7337574864,7108
"2363",7,109,0,96.5614654627,7109
"2364",7,110,0,45.8157304966,7110
"2365",7,111,0,42.532228678,7111
"2366",7,112,0,82.0905023474,7112
"2367",7,113,0,49.7508368758,7113
"2368",7,114,0,268.999495346,7114
"2369",7,115,0,209.634524082,7115
"2370",7,116,0,259.995175855,7116
"2371",7,117,0,129.212696058,7117
"2372",7,118,0,53.6681148044,7118
"2373",7,119,0,48.1563712613,7119
"2374",7,33,0,61.2971128038,7033
"2375",8,1,0,223.286994484,8001
"2376",8,2,0,27.1991170195,8002
"2377",8,3,0,198.952072446,8003
"2378",8,4,0,18.3864987538,8004
"2379",8,5,0,325.101437641,8005
"2380",8,6,0,111.630960842,8006
"2381",8,7,0,188.238166035,8007
"2382",8,8,0,238.457831214,8008
"2383",8,9,0,168.141687946,8009
"2384",8,10,0,186.701155698,8010
"2385",8,11,0,135.033463,8011
"2386",8,12,0,122.346356241,8012
"2387",8,13,0,259.838073074,8013
"2388",8,14,0,227.907344723,8014
"2389",8,15,0,129.683471886,8015
"2390",8,16,0,119.437430248,8016
"2391",8,17,0,78.7061637498,8017
"2392",8,18,0,84.0921783645,8018
"2393",8,19,1,0,8019
"2394",8,20,0,271.067416483,8020
"2395",8,21,0,75.3595716411,8021
"2396",8,22,0,65.4718962257,8022
"2397",8,23,0,217.699132896,8023
"2398",8,24,0,42.5988657396,8024
"2399",8,25,0,175.004101105,8025
"2400",8,26,0,59.4482540963,8026
"2401",8,27,0,222.51642089,8027
"2402",8,28,0,305.221457383,8028
"2403",8,29,0,294.239372912,8029
"2404",8,30,0,257.891036771,8030
"2405",8,31,0,133.2136268,8031
"2406",8,32,0,193.965373676,8032
"2407",8,33,0,175.600369721,8033
"2408",8,34,0,193.274016326,8034
"2409",8,35,0,317.257944755,8035
"2410",8,36,0,199.690966418,8036
"2411",8,37,0,346.779154561,8037
"2412",8,38,0,65.3132641715,8038
"2413",8,39,0,206.510033396,8039
"2414",8,40,0,203.150947591,8040
"2415",8,41,0,200.82793554,8041
"2416",8,42,0,210.062923924,8042
"2417",8,43,0,159.413194415,8043
"2418",8,44,0,212.793353487,8044
"2419",8,45,0,69.5321259491,8045
"2420",8,46,0,266.009790896,8046
"2421",8,47,0,237.297088237,8047
"2422",8,48,0,142.259892201,8048
"2423",8,49,0,143.411260698,8049
"2424",8,50,0,260.722925961,8050
"2425",8,51,0,221.705560414,8051
"2426",8,52,0,186.31062277,8052
"2427",8,53,0,303.283156282,8053
"2428",8,54,0,41.393508018,8054
"2429",8,55,0,70.0889961888,8055
"2430",8,56,0,147.441256742,8056
"2431",8,57,0,99.7368596206,8057
"2432",8,58,0,135.773730481,8058
"2433",8,59,0,198.181494497,8059
"2434",8,60,0,204.793386765,8060
"2435",8,61,0,75.5012452345,8061
"2436",8,62,0,100.153942212,8062
"2437",8,63,0,168.394721557,8063
"2438",8,64,0,176.370588296,8064
"2439",8,65,0,235.343494427,8065
"2440",8,66,0,219.532092934,8066
"2441",8,67,0,133.130072408,8067
"2442",9,2,0,6.91282675169,9002
"2443",9,3,0,11.5914574892,9003
"2444",9,4,0,20.7365757137,9004
"2445",9,5,0,8.7730034527,9005
"2446",9,6,0,6.91366331667,9006
"2447",9,7,0,13.3171172839,9007
"2448",9,8,0,21.9440232038,9008
"2449",9,9,0,33.9268253077,9009
"2450",9,10,0,14.7385500776,9010
"2451",9,11,0,23.0160466341,9011
"2452",9,12,0,26.4912411478,9012
"2453",9,13,0,21.5238290523,9013
"2454",9,14,0,5.75819192692,9014
"2455",9,15,1,0,9015
"2456",9,16,0,5.85909629664,9016
"2457",9,17,0,5.89456316419,9017
